12/31/2002,3/31/2003,6/30/2003,9/30/2003,12/31/2003,3/31/2004,6/30/2004,9/30/2004,12/31/2004,3/31/2005,6/30/2005,9/30/2005,12/31/2005,3/31/2006,6/30/2006,9/30/2006,12/31/2006,3/31/2007,6/30/2007,9/30/2007,12/31/2007,3/31/2008,6/30/2008,9/30/2008,12/31/2008,3/31/2009,6/30/2009,9/30/2009,12/31/2009,3/31/2010,6/30/2010,9/30/2010,12/31/2010,3/31/2011,6/30/2011,9/30/2011,12/31/2011,3/31/2012,6/30/2012,9/30/2012,12/31/2012,3/31/2013,6/30/2013,9/30/2013,12/31/2013,,,,,,,,,,,,,,,,,,,,,,,,,,,,,,,,,,,,,,,,,,,,,,,,,,,,,,,,,,,,,,,,,,,,,,,,,,,,,,,,,,,,,,,,,,,,,,,,,,,,,,,,,,,,,,,,,,,,,,,,,,,,,,,,,,,,,,,,,,,,,,,,,,,,,,,,,,,,,,,,,,,,,,,,,,,,,,,,,,,,,,,,,,,,,,,,,,,,,,,,,,,,,,,,,,,
20.8,20.4,17.8,16.3,14.5,14.4,14.8,13.2,12.1,13,12.1,11.1,10.1,11.4,10.4,10.2,8.7,9.8,8.5,8.1,7.5,8.4,8,7.8,7.3,8.4,8.8,9.1,8.4,8.3,7.9,7.5,7.3,7.4,7.3,7.2,6.7,7.1,7.2,7.6,6.9,7.9,7.2,6.8,6.4,,,,,,,,,,,,,,,,,,,,,,,,,,,,,,,,,,,,,,,,,,,,,,,,,,,,,,,,,,,,,,,,,,,,,,,,,,,,,,,,,,,,,,,,,,,,,,,,,,,,,,,,,,,,,,,,,,,,,,,,,,,,,,,,,,,,,,,,,,,,,,,,,,,,,,,,,,,,,,,,,,,,,,,,,,,,,,,,,,,,,,,,,,,,,,,,,,,,,,,,,,,,,,,,,,,
12/31/1990,12/31/1991,12/31/1992,12/31/1993,12/31/1994,12/31/1995,12/31/1996,12/31/1997,12/31/1998,12/31/1999,12/31/2000,12/31/2001,12/31/2002,12/31/2003,12/31/2004,12/31/2005,12/31/2006,12/31/2007,12/31/2008,12/31/2009,12/31/2010,12/31/2011,12/31/2012,12/31/2013,12/31/2014,12/31/2015,12/31/2016,12/31/2017,12/31/2018,,,,,,,,,,,,,,,,,,,,,,,,,,,,,,,,,,,,,,,,,,,,,,,,,,,,,,,,,,,,,,,,,,,,,,,,,,,,,,,,,,,,,,,,,,,,,,,,,,,,,,,,,,,,,,,,,,,,,,,,,,,,,,,,,,,,,,,,,,,,,,,,,,,,,,,,,,,,,,,,,,,,,,,,,,,,,,,,,,,,,,,,,,,,,,,,,,,,,,,,,,,,,,,,,,,,,,,,,,,,,,,,,,,
6.95,9.6,10.817,10.9,9.75,8.5,8.533,8.45,7.733,6.925,6.267,6.767,6.375,5.942,5.392,5.058,4.8,4.367,4.275,5.583,5.225,5.092,5.233,5.592,6.008,6.033,5.733,5.533,5.533,,,,,,,,,,,,,,,,,,,,,,,,,,,,,,,,,,,,,,,,,,,,,,,,,,,,,,,,,,,,,,,,,,,,,,,,,,,,,,,,,,,,,,,,,,,,,,,,,,,,,,,,,,,,,,,,,,,,,,,,,,,,,,,,,,,,,,,,,,,,,,,,,,,,,,,,,,,,,,,,,,,,,,,,,,,,,,,,,,,,,,,,,,,,,,,,,,,,,,,,,,,,,,,,,,,,,,,,,,,,,,,,,,,
12/31/1990,12/31/1991,12/31/1992,12/31/1993,12/31/1994,12/31/1995,12/31/1996,12/31/1997,12/31/1998,12/31/1999,12/31/2000,12/31/2001,12/31/2002,12/31/2003,12/31/2004,12/31/2005,12/31/2006,12/31/2007,12/31/2008,12/31/2009,12/31/2010,12/31/2011,12/31/2012,12/31/2013,12/31/2014,12/31/2015,12/31/2016,12/31/2017,12/31/2018,,,,,,,,,,,,,,,,,,,,,,,,,,,,,,,,,,,,,,,,,,,,,,,,,,,,,,,,,,,,,,,,,,,,,,,,,,,,,,,,,,,,,,,,,,,,,,,,,,,,,,,,,,,,,,,,,,,,,,,,,,,,,,,,,,,,,,,,,,,,,,,,,,,,,,,,,,,,,,,,,,,,,,,,,,,,,,,,,,,,,,,,,,,,,,,,,,,,,,,,,,,,,,,,,,,,,,,,,,,,,,,,,,,
6.95,9.6,10.817,10.9,9.75,8.5,8.533,8.45,7.733,6.925,6.267,6.767,6.375,5.942,5.392,5.058,4.8,4.367,4.275,5.583,5.225,5.092,5.233,5.592,6.008,6.033,5.733,5.533,5.533,,,,,,,,,,,,,,,,,,,,,,,,,,,,,,,,,,,,,,,,,,,,,,,,,,,,,,,,,,,,,,,,,,,,,,,,,,,,,,,,,,,,,,,,,,,,,,,,,,,,,,,,,,,,,,,,,,,,,,,,,,,,,,,,,,,,,,,,,,,,,,,,,,,,,,,,,,,,,,,,,,,,,,,,,,,,,,,,,,,,,,,,,,,,,,,,,,,,,,,,,,,,,,,,,,,,,,,,,,,,,,,,,,,
#N/A Invalid Security,,,,,,,,,,,,,,,,,,,,,,,,,,,,,,,,,,,,,,,,,,,,,,,,,,,,,,,,,,,,,,,,,,,,,,,,,,,,,,,,,,,,,,,,,,,,,,,,,,,,,,,,,,,,,,,,,,,,,,,,,,,,,,,,,,,,,,,,,,,,,,,,,,,,,,,,,,,,,,,,,,,,,,,,,,,,,,,,,,,,,,,,,,,,,,,,,,,,,,,,,,,,,,,,,,,,,,,,,,,,,,,,,,,,,,,,,,,,,,,,,,,,,,,,,,,,,,,
,,,,,,,,,,,,,,,,,,,,,,,,,,,,,,,,,,,,,,,,,,,,,,,,,,,,,,,,,,,,,,,,,,,,,,,,,,,,,,,,,,,,,,,,,,,,,,,,,,,,,,,,,,,,,,,,,,,,,,,,,,,,,,,,,,,,,,,,,,,,,,,,,,,,,,,,,,,,,,,,,,,,,,,,,,,,,,,,,,,,,,,,,,,,,,,,,,,,,,,,,,,,,,,,,,,,,,,,,,,,,,,,,,,,,,,,,,,,,,,,,,,,,,,,,,,,,,,
10/31/2001,11/30/2001,12/31/2001,1/31/2002,2/28/2002,3/31/2002,4/30/2002,5/31/2002,6/30/2002,7/31/2002,8/31/2002,9/30/2002,10/31/2002,11/30/2002,12/31/2002,1/31/2003,2/28/2003,3/31/2003,4/30/2003,5/31/2003,6/30/2003,7/31/2003,8/31/2003,9/30/2003,10/31/2003,11/30/2003,12/31/2003,1/31/2004,2/29/2004,3/31/2004,4/30/2004,5/31/2004,6/30/2004,7/31/2004,8/31/2004,9/30/2004,10/31/2004,11/30/2004,12/31/2004,1/31/2005,2/28/2005,3/31/2005,4/30/2005,5/31/2005,6/30/2005,7/31/2005,8/31/2005,9/30/2005,10/31/2005,11/30/2005,12/31/2005,1/31/2006,2/28/2006,3/31/2006,4/30/2006,5/31/2006,6/30/2006,7/31/2006,8/31/2006,9/30/2006,10/31/2006,11/30/2006,12/31/2006,1/31/2007,2/28/2007,3/31/2007,4/30/2007,5/31/2007,6/30/2007,7/31/2007,8/31/2007,9/30/2007,10/31/2007,11/30/2007,12/31/2007,1/31/2008,2/29/2008,3/31/2008,4/30/2008,5/31/2008,6/30/2008,7/31/2008,8/31/2008,9/30/2008,10/31/2008,11/30/2008,12/31/2008,1/31/2009,2/28/2009,3/31/2009,4/30/2009,5/31/2009,6/30/2009,7/31/2009,8/31/2009,9/30/2009,10/31/2009,11/30/2009,12/31/2009,1/31/2010,2/28/2010,3/31/2010,4/30/2010,5/31/2010,6/30/2010,7/31/2010,8/31/2010,9/30/2010,10/31/2010,11/30/2010,12/31/2010,1/31/2011,2/28/2011,3/31/2011,4/30/2011,5/31/2011,6/30/2011,7/31/2011,8/31/2011,9/30/2011,10/31/2011,11/30/2011,12/31/2011,1/31/2012,2/29/2012,3/31/2012,4/30/2012,5/31/2012,6/30/2012,7/31/2012,8/31/2012,9/30/2012,10/31/2012,11/30/2012,12/31/2012,1/31/2013,2/28/2013,3/31/2013,4/30/2013,5/31/2013,6/30/2013,7/31/2013,8/31/2013,9/30/2013,10/31/2013,11/30/2013,12/31/2013,1/31/2014,,,,,,,,,,,,,,,,,,,,,,,,,,,,,,,,,,,,,,,,,,,,,,,,,,,,,,,,,,,,,,,,,,,,,,,,,,,,,,,,,,,,,,,,,,,,,,,,,,,,,,,,,,,,
12.2,11.9,10.8,11.1,12.6,12.9,12.5,11.9,11.6,11.9,11.7,11.5,11.2,10.9,10.5,11.2,11.6,12.1,12.5,12.9,13,12.8,13.1,13,13,12.2,10.9,11.7,12,12.8,13.1,12.2,11.7,11.2,11.4,10.9,10.5,10.7,9.6,10.2,10.7,10.9,10.8,10.2,9.4,9.5,9.4,9.7,9.6,9.6,8.4,9.3,10.1,10.4,10.4,10.2,10.4,10.8,10.6,10,9.8,9.6,8.4,9.3,9.9,10.2,10.2,10.2,9.7,9.5,9.6,9,8.7,8.3,7.5,8,8.7,8.6,8.5,7.9,7.9,8.1,7.6,7.7,7.5,7.6,6.8,8.2,8.5,9,8.9,8.8,8.1,8,8.1,7.7,7.5,7.4,6.8,7.2,7.4,7.6,7.3,7.5,7,6.9,6.7,6.2,6.1,5.7,5.3,6.1,6.4,6.5,6.4,6.4,6.2,6,6,6,5.8,5.2,4.7,5.5,5.7,6.2,6,5.8,5.9,5.4,5.3,5.4,5.3,4.9,4.6,5.4,5.6,5.7,5.8,5.8,6,5.6,5.3,5.4,5.2,4.6,4.3,4.8,,,,,,,,,,,,,,,,,,,,,,,,,,,,,,,,,,,,,,,,,,,,,,,,,,,,,,,,,,,,,,,,,,,,,,,,,,,,,,,,,,,,,,,,,,,,,,,,,,,,,,,,,,,,
1/31/1996,2/29/1996,3/31/1996,4/30/1996,5/31/1996,6/30/1996,7/31/1996,8/31/1996,9/30/1996,10/31/1996,11/30/1996,12/31/1996,1/31/1997,2/28/1997,3/31/1997,4/30/1997,5/31/1997,6/30/1997,7/31/1997,8/31/1997,9/30/1997,10/31/1997,11/30/1997,12/31/1997,1/31/1998,2/28/1998,3/31/1998,4/30/1998,5/31/1998,6/30/1998,7/31/1998,8/31/1998,9/30/1998,10/31/1998,11/30/1998,12/31/1998,1/31/1999,2/28/1999,3/31/1999,4/30/1999,5/31/1999,6/30/1999,7/31/1999,8/31/1999,9/30/1999,10/31/1999,11/30/1999,12/31/1999,1/31/2000,2/29/2000,3/31/2000,4/30/2000,5/31/2000,6/30/2000,7/31/2000,8/31/2000,9/30/2000,10/31/2000,11/30/2000,12/31/2000,1/31/2001,2/28/2001,3/31/2001,4/30/2001,5/31/2001,6/30/2001,7/31/2001,8/31/2001,9/30/2001,10/31/2001,11/30/2001,12/31/2001,1/31/2002,2/28/2002,3/31/2002,4/30/2002,5/31/2002,6/30/2002,7/31/2002,8/31/2002,9/30/2002,10/31/2002,11/30/2002,12/31/2002,1/31/2003,2/28/2003,3/31/2003,4/30/2003,5/31/2003,6/30/2003,7/31/2003,8/31/2003,9/30/2003,10/31/2003,11/30/2003,12/31/2003,1/31/2004,2/29/2004,3/31/2004,4/30/2004,5/31/2004,6/30/2004,7/31/2004,8/31/2004,9/30/2004,10/31/2004,11/30/2004,12/31/2004,1/31/2005,2/28/2005,3/31/2005,4/30/2005,5/31/2005,6/30/2005,7/31/2005,8/31/2005,9/30/2005,10/31/2005,11/30/2005,12/31/2005,1/31/2006,2/28/2006,3/31/2006,4/30/2006,5/31/2006,6/30/2006,7/31/2006,8/31/2006,9/30/2006,10/31/2006,11/30/2006,12/31/2006,1/31/2007,2/28/2007,3/31/2007,4/30/2007,5/31/2007,6/30/2007,7/31/2007,8/31/2007,9/30/2007,10/31/2007,11/30/2007,12/31/2007,1/31/2008,2/29/2008,3/31/2008,4/30/2008,5/31/2008,6/30/2008,7/31/2008,8/31/2008,9/30/2008,10/31/2008,11/30/2008,12/31/2008,1/31/2009,2/28/2009,3/31/2009,4/30/2009,5/31/2009,6/30/2009,7/31/2009,8/31/2009,9/30/2009,10/31/2009,11/30/2009,12/31/2009,1/31/2010,2/28/2010,3/31/2010,4/30/2010,5/31/2010,6/30/2010,7/31/2010,8/31/2010,9/30/2010,10/31/2010,11/30/2010,12/31/2010,1/31/2011,2/28/2011,3/31/2011,4/30/2011,5/31/2011,6/30/2011,7/31/2011,8/31/2011,9/30/2011,10/31/2011,11/30/2011,12/31/2011,1/31/2012,2/29/2012,3/31/2012,4/30/2012,5/31/2012,6/30/2012,7/31/2012,8/31/2012,9/30/2012,10/31/2012,11/30/2012,12/31/2012,1/31/2013,2/28/2013,3/31/2013,4/30/2013,5/31/2013,6/30/2013,7/31/2013,8/31/2013,9/30/2013,10/31/2013,11/30/2013,12/31/2013,1/31/2014,2/28/2014,,,,,,,,,,,,,,,,,,,,,,,,,,,,,,,,,,,,,,
11.6,11.4,11.4,11,10.4,10,10.4,10.4,10.5,11.1,12,12.5,13.4,13.7,14.5,15.3,14.8,14.2,14.2,14,13.6,13.4,13.5,13.7,14.2,14.3,13.7,13,12.1,11.4,11.1,10.8,10.7,11.1,11.8,12.2,12.9,13.2,13.2,13.3,13,12.8,13,13.6,14.2,14.7,15.6,16,17.2,18.2,18.8,19,18.9,18.2,18.3,18,17.8,17.8,17.7,17.86,18.54,18.67,18.43,18.51,17.75,17.11,16.83,16.7,16.5,16.67,17.18,17.32,17.99,17.89,17.5,17.75,17.63,17.24,17.64,17.55,17.4,17.39,16.87,16.27,17.4,16.51,15.69,14.9,14.27,13.67,13.21,12.98,12.76,12.86,13.22,13.52,14.5,14.2,13.7,13.17,12.6,12.2,12.06,11.94,11.74,11.81,11.88,12.16,13.13,13.11,12.72,12.14,11.53,11.11,10.95,10.77,10.49,10.43,10.36,10.73,11.67,11.5,10.84,10.23,9.59,9.18,8.96,8.74,8.44,8.38,8.69,9.12,9.7,9.5,8.92,8.38,7.8,7.42,7.25,7,6.8,6.7,6.62,6.91,7.38,7.26,6.8,6.5,6.2,6,5.96,5.89,5.8,5.85,5.85,6.27,6.5,6.69,6.88,7.04,7.08,7.3,7.62,7.88,8.03,8.23,8.66,9.13,9.9,10.26,10.14,9.95,9.53,9.26,9.23,9.14,9.03,8.92,9.07,9.24,11,11,10.7,10.5,10,9.7,9.6,9.6,9.4,9.6,10,10.4,11.1,11.5,11.5,11.4,11,10.8,10.8,10.7,10.6,11,11.3,11.4,11.9,12,11.8,11.6,11,10.7,10.8,10.7,10.8,11.2,11.5,11.8,12.2,12.2,,,,,,,,,,,,,,,,,,,,,,,,,,,,,,,,,,,,,,
12/31/1990,12/31/1991,12/31/1992,12/31/1993,12/31/1994,12/31/1995,12/31/1996,12/31/1997,12/31/1998,12/31/1999,12/31/2000,12/31/2001,12/31/2002,12/31/2003,12/31/2004,12/31/2005,12/31/2006,12/31/2007,12/31/2008,12/31/2009,12/31/2010,12/31/2011,12/31/2012,12/31/2013,12/31/2014,12/31/2015,12/31/2016,12/31/2017,12/31/2018,,,,,,,,,,,,,,,,,,,,,,,,,,,,,,,,,,,,,,,,,,,,,,,,,,,,,,,,,,,,,,,,,,,,,,,,,,,,,,,,,,,,,,,,,,,,,,,,,,,,,,,,,,,,,,,,,,,,,,,,,,,,,,,,,,,,,,,,,,,,,,,,,,,,,,,,,,,,,,,,,,,,,,,,,,,,,,,,,,,,,,,,,,,,,,,,,,,,,,,,,,,,,,,,,,,,,,,,,,,,,,,,,,,
8.15,10.317,11.217,11.375,10.392,9.467,9.608,9.092,8.292,7.567,6.833,7.267,7.667,7.583,7.175,6.758,6.3,6.058,6.15,8.292,7.992,7.467,7.292,7.118,7.107,7.032,6.932,6.781,6.75,,,,,,,,,,,,,,,,,,,,,,,,,,,,,,,,,,,,,,,,,,,,,,,,,,,,,,,,,,,,,,,,,,,,,,,,,,,,,,,,,,,,,,,,,,,,,,,,,,,,,,,,,,,,,,,,,,,,,,,,,,,,,,,,,,,,,,,,,,,,,,,,,,,,,,,,,,,,,,,,,,,,,,,,,,,,,,,,,,,,,,,,,,,,,,,,,,,,,,,,,,,,,,,,,,,,,,,,,,,,,,,,,,,
12/31/1990,12/31/1991,12/31/1992,12/31/1993,12/31/1994,12/31/1995,12/31/1996,12/31/1997,12/31/1998,12/31/1999,12/31/2000,12/31/2001,12/31/2002,12/31/2003,12/31/2004,12/31/2005,12/31/2006,12/31/2007,12/31/2008,12/31/2009,12/31/2010,12/31/2011,12/31/2012,12/31/2013,,,,,,,,,,,,,,,,,,,,,,,,,,,,,,,,,,,,,,,,,,,,,,,,,,,,,,,,,,,,,,,,,,,,,,,,,,,,,,,,,,,,,,,,,,,,,,,,,,,,,,,,,,,,,,,,,,,,,,,,,,,,,,,,,,,,,,,,,,,,,,,,,,,,,,,,,,,,,,,,,,,,,,,,,,,,,,,,,,,,,,,,,,,,,,,,,,,,,,,,,,,,,,,,,,,,,,,,,,,,,,,,,,,,,,,,
7.75,8.22,6.7,6.5,7.81,7.38,6.5,6.12,6.23,10.01,9.71,9.87,9.8,9.53,10.02,9.3,7.95,7.02,7.75,9.63,8.34,7.21,6.48,5.98,,,,,,,,,,,,,,,,,,,,,,,,,,,,,,,,,,,,,,,,,,,,,,,,,,,,,,,,,,,,,,,,,,,,,,,,,,,,,,,,,,,,,,,,,,,,,,,,,,,,,,,,,,,,,,,,,,,,,,,,,,,,,,,,,,,,,,,,,,,,,,,,,,,,,,,,,,,,,,,,,,,,,,,,,,,,,,,,,,,,,,,,,,,,,,,,,,,,,,,,,,,,,,,,,,,,,,,,,,,,,,,,,,,,,,,,
12/31/1990,12/31/1991,12/31/1992,12/31/1993,12/31/1994,12/31/1995,12/31/1996,12/31/1997,12/31/1998,12/31/1999,12/31/2000,12/31/2001,12/31/2002,12/31/2003,12/31/2004,12/31/2005,12/31/2006,12/31/2007,12/31/2008,12/31/2009,12/31/2010,12/31/2011,12/31/2012,12/31/2013,,,,,,,,,,,,,,,,,,,,,,,,,,,,,,,,,,,,,,,,,,,,,,,,,,,,,,,,,,,,,,,,,,,,,,,,,,,,,,,,,,,,,,,,,,,,,,,,,,,,,,,,,,,,,,,,,,,,,,,,,,,,,,,,,,,,,,,,,,,,,,,,,,,,,,,,,,,,,,,,,,,,,,,,,,,,,,,,,,,,,,,,,,,,,,,,,,,,,,,,,,,,,,,,,,,,,,,,,,,,,,,,,,,,,,,,
2.5,2.3,2.3,2.6,2.8,2.9,3,3.1,3.1,3.1,3.1,3.6,4,4.3,4.2,4.2,4.1,4,4.2,4.3,4.1,4.1,4.1,4.05,,,,,,,,,,,,,,,,,,,,,,,,,,,,,,,,,,,,,,,,,,,,,,,,,,,,,,,,,,,,,,,,,,,,,,,,,,,,,,,,,,,,,,,,,,,,,,,,,,,,,,,,,,,,,,,,,,,,,,,,,,,,,,,,,,,,,,,,,,,,,,,,,,,,,,,,,,,,,,,,,,,,,,,,,,,,,,,,,,,,,,,,,,,,,,,,,,,,,,,,,,,,,,,,,,,,,,,,,,,,,,,,,,,,,,,,
1/31/2000,2/29/2000,3/31/2000,4/30/2000,5/31/2000,6/30/2000,7/31/2000,8/31/2000,9/30/2000,10/31/2000,11/30/2000,12/31/2000,1/31/2001,2/28/2001,3/31/2001,4/30/2001,5/31/2001,6/30/2001,7/31/2001,8/31/2001,9/30/2001,10/31/2001,11/30/2001,12/31/2001,1/31/2002,2/28/2002,3/31/2002,4/30/2002,5/31/2002,6/30/2002,7/31/2002,8/31/2002,9/30/2002,10/31/2002,11/30/2002,12/31/2002,1/31/2003,2/28/2003,3/31/2003,4/30/2003,5/31/2003,6/30/2003,7/31/2003,8/31/2003,9/30/2003,10/31/2003,11/30/2003,12/31/2003,1/31/2004,2/29/2004,3/31/2004,4/30/2004,5/31/2004,6/30/2004,7/31/2004,8/31/2004,9/30/2004,10/31/2004,11/30/2004,12/31/2004,1/31/2005,2/28/2005,3/31/2005,4/30/2005,5/31/2005,6/30/2005,7/31/2005,8/31/2005,9/30/2005,10/31/2005,11/30/2005,12/31/2005,1/31/2006,2/28/2006,3/31/2006,4/30/2006,5/31/2006,6/30/2006,7/31/2006,8/31/2006,9/30/2006,10/31/2006,11/30/2006,12/31/2006,1/31/2007,2/28/2007,3/31/2007,4/30/2007,5/31/2007,6/30/2007,7/31/2007,8/31/2007,9/30/2007,10/31/2007,11/30/2007,12/31/2007,1/31/2008,2/29/2008,3/31/2008,4/30/2008,5/31/2008,6/30/2008,7/31/2008,8/31/2008,9/30/2008,10/31/2008,11/30/2008,12/31/2008,1/31/2009,2/28/2009,3/31/2009,4/30/2009,5/31/2009,6/30/2009,7/31/2009,8/31/2009,9/30/2009,10/31/2009,11/30/2009,12/31/2009,1/31/2010,2/28/2010,3/31/2010,4/30/2010,5/31/2010,6/30/2010,7/31/2010,8/31/2010,9/30/2010,10/31/2010,11/30/2010,12/31/2010,1/31/2011,2/28/2011,3/31/2011,4/30/2011,5/31/2011,6/30/2011,7/31/2011,8/31/2011,9/30/2011,10/31/2011,11/30/2011,12/31/2011,1/31/2012,2/29/2012,3/31/2012,4/30/2012,5/31/2012,6/30/2012,7/31/2012,8/31/2012,9/30/2012,10/31/2012,11/30/2012,12/31/2012,1/31/2013,2/28/2013,3/31/2013,4/30/2013,5/31/2013,6/30/2013,7/31/2013,8/31/2013,9/30/2013,10/31/2013,11/30/2013,12/31/2013,1/31/2014,,,,,,,,,,,,,,,,,,,,,,,,,,,,,,,,,,,,,,,,,,,,,,,,,,,,,,,,,,,,,,,,,,,,,,,,,,,,,,,,,,,,,,,
18.5,17.3,15.9,17.5,17.1,17.3,17.5,17.2,15.9,15.8,17.4,16.2,20.95,19.89,19.22,17.89,17.95,18.65,17.62,17.84,17.84,16.8,16.53,16.55,20.41,18.96,17.64,18.15,17.28,17.82,18.24,18.29,17.3,16.1,15.39,15.75,18.18,17.58,17.62,17.72,16.55,16.72,17.71,16.95,16.24,15.29,14.09,14.46,18.16,17.23,16.06,16.69,14.71,15.68,15.16,14.73,14.59,14.01,13.81,12.84,16.24,16.01,15.05,14.49,13.79,14.07,14.11,13.79,13.4,12.01,12.08,12.03,15.82,14.11,12.23,12.79,13.14,12.51,12.85,12.55,12.65,12.47,11.13,12.79,14.44,12.87,12.51,11.6,11.28,11.56,11.22,11.32,10.45,10.22,8.91,10.21,12.32,12.59,12,11.3,11.75,11.67,11.86,11.41,11.32,10.96,10.39,10.88,14.87,13.6,13.52,12.88,12.45,13.02,12.82,13.14,12.92,12.39,12.08,12.33,15.3,13.45,12.35,12.42,12.79,12.8,13.33,12.18,11.54,11.15,10.64,11.29,14.72,13.2,12.24,11.77,10.99,11.78,11.3,10.39,10.24,10.17,10.3,10.4,13.29,12.46,10.98,11.37,11.85,11.33,11.5,10.46,10.71,10.16,9.85,10.22,13.08,12.3,11.64,10.73,10.44,11.17,10.02,10.27,9.85,8.71,9.32,9.65,12.27,,,,,,,,,,,,,,,,,,,,,,,,,,,,,,,,,,,,,,,,,,,,,,,,,,,,,,,,,,,,,,,,,,,,,,,,,,,,,,,,,,,,,,,
12/31/1997,1/31/1998,2/28/1998,3/31/1998,4/30/1998,5/31/1998,6/30/1998,7/31/1998,8/31/1998,9/30/1998,10/31/1998,11/30/1998,12/31/1998,1/31/1999,2/28/1999,3/31/1999,4/30/1999,5/31/1999,6/30/1999,7/31/1999,8/31/1999,9/30/1999,10/31/1999,11/30/1999,1/31/2000,2/29/2000,3/31/2000,4/30/2000,5/31/2000,6/30/2000,7/31/2000,8/31/2000,9/30/2000,10/31/2000,11/30/2000,12/31/2000,1/31/2001,2/28/2001,3/31/2001,4/30/2001,5/31/2001,6/30/2001,7/31/2001,8/31/2001,9/30/2001,10/31/2001,11/30/2001,12/31/2001,1/31/2002,2/28/2002,3/31/2002,4/30/2002,5/31/2002,6/30/2002,7/31/2002,8/31/2002,9/30/2002,10/31/2002,11/30/2002,12/31/2002,1/31/2003,2/28/2003,3/31/2003,4/30/2003,5/31/2003,6/30/2003,7/31/2003,8/31/2003,9/30/2003,10/31/2003,11/30/2003,12/31/2003,1/31/2004,2/29/2004,3/31/2004,4/30/2004,5/31/2004,6/30/2004,7/31/2004,8/31/2004,9/30/2004,10/31/2004,11/30/2004,12/31/2004,1/31/2005,2/28/2005,3/31/2005,4/30/2005,5/31/2005,6/30/2005,7/31/2005,8/31/2005,9/30/2005,10/31/2005,11/30/2005,12/31/2005,1/31/2006,2/28/2006,3/31/2006,4/30/2006,5/31/2006,6/30/2006,7/31/2006,8/31/2006,9/30/2006,10/31/2006,11/30/2006,12/31/2006,1/31/2007,2/28/2007,3/31/2007,4/30/2007,5/31/2007,6/30/2007,7/31/2007,8/31/2007,9/30/2007,10/31/2007,11/30/2007,12/31/2007,1/31/2008,2/29/2008,3/31/2008,4/30/2008,5/31/2008,6/30/2008,7/31/2008,8/31/2008,9/30/2008,10/31/2008,11/30/2008,12/31/2008,1/31/2009,2/28/2009,3/31/2009,4/30/2009,5/31/2009,6/30/2009,7/31/2009,8/31/2009,9/30/2009,10/31/2009,11/30/2009,12/31/2009,1/31/2010,2/28/2010,3/31/2010,4/30/2010,5/31/2010,6/30/2010,7/31/2010,8/31/2010,9/30/2010,10/31/2010,11/30/2010,12/31/2010,1/31/2011,2/28/2011,3/31/2011,4/30/2011,5/31/2011,6/30/2011,7/31/2011,8/31/2011,9/30/2011,10/31/2011,11/30/2011,12/31/2011,1/31/2012,2/29/2012,3/31/2012,4/30/2012,5/31/2012,6/30/2012,7/31/2012,8/31/2012,9/30/2012,10/31/2012,11/30/2012,12/31/2012,1/31/2013,2/28/2013,3/31/2013,4/30/2013,5/31/2013,6/30/2013,7/31/2013,8/31/2013,9/30/2013,10/31/2013,11/30/2013,12/31/2013,1/31/2014,,,,,,,,,,,,,,,,,,,,,,,,,,,,,,,,,,,,,,,,,,,,,,,,,,,,,,,,,,,,,,,
17.6,17.9,18,18.1,17.6,17.2,16.8,16.9,17,17.5,18,18.2,18.6,19.1,19.3,19.6,19.2,19,18.9,19.1,19.1,19.6,20.1,20.4,21.3,21.6,21.3,21.3,21,20.5,20.6,20.8,21.4,22,22.4,22.6,22.7,22.9,22.9,22.5,22,21.5,21.5,21.5,22,22.3,22.5,23.1,24,23.8,23.8,23.4,22.7,22.2,22,21.8,21.7,21.7,21.6,21.5,21.7,21.3,21,20.4,19.6,18.9,18.5,18.2,18.3,18.6,18.9,19.1,19.5,19.2,19.1,18.6,18,17.4,17.2,17.2,17.6,18.1,18,19,19.1,19.3,19.2,18.7,18,17.4,17,16.9,17.2,17.5,17.8,18,18.4,18.3,18.1,17.6,16.7,16,15.7,15.7,16.2,16.8,16.9,17,17.4,17,16.6,15.9,15.1,14.3,14,13.8,14.1,14.3,14.5,14.7,14.8,14.7,14.5,13.9,13.2,12.5,12.4,12.3,12.6,12.9,13.2,13.7,14.3,14.8,15,14.8,14.4,14,14,14.2,14.7,15.5,16.1,16.7,17.8,18.3,17.9,17.9,17.2,16.6,16.4,16.4,16.9,17.8,18.3,18.8,19.5,19.6,19.3,18.2,17.5,16.9,16.8,16.7,16.8,17.4,17.9,18.7,19.6,20.1,20,19.1,18,17.3,17.5,17.7,18.3,19.6,20.4,21.1,21.7,21.9,21.6,20.9,19.6,18.6,18.5,18.4,19.1,20.3,21.1,21.6,22.4,,,,,,,,,,,,,,,,,,,,,,,,,,,,,,,,,,,,,,,,,,,,,,,,,,,,,,,,,,,,,,,
1/31/2004,2/29/2004,3/31/2004,4/30/2004,5/31/2004,6/30/2004,7/31/2004,8/31/2004,9/30/2004,10/31/2004,11/30/2004,12/31/2004,1/31/2005,2/28/2005,3/31/2005,4/30/2005,5/31/2005,6/30/2005,7/31/2005,8/31/2005,9/30/2005,10/31/2005,11/30/2005,12/31/2005,1/31/2006,2/28/2006,3/31/2006,4/30/2006,5/31/2006,6/30/2006,7/31/2006,8/31/2006,9/30/2006,10/31/2006,11/30/2006,12/31/2006,1/31/2007,2/28/2007,3/31/2007,4/30/2007,5/31/2007,6/30/2007,7/31/2007,8/31/2007,9/30/2007,10/31/2007,11/30/2007,12/31/2007,1/31/2008,2/29/2008,3/31/2008,4/30/2008,5/31/2008,6/30/2008,7/31/2008,8/31/2008,9/30/2008,10/31/2008,11/30/2008,12/31/2008,1/31/2009,2/28/2009,3/31/2009,4/30/2009,5/31/2009,6/30/2009,7/31/2009,8/31/2009,9/30/2009,10/31/2009,11/30/2009,12/31/2009,1/31/2010,2/28/2010,3/31/2010,4/30/2010,5/31/2010,6/30/2010,7/31/2010,8/31/2010,9/30/2010,10/31/2010,11/30/2010,12/31/2010,1/31/2011,2/28/2011,3/31/2011,4/30/2011,5/31/2011,6/30/2011,7/31/2011,8/31/2011,9/30/2011,10/31/2011,11/30/2011,12/31/2011,1/31/2012,2/29/2012,3/31/2012,4/30/2012,5/31/2012,6/30/2012,7/31/2012,8/31/2012,9/30/2012,10/31/2012,11/30/2012,12/31/2012,1/31/2013,,,,,,,,,,,,,,,,,,,,,,,,,,,,,,,,,,,,,,,,,,,,,,,,,,,,,,,,,,,,,,,,,,,,,,,,,,,,,,,,,,,,,,,,,,,,,,,,,,,,,,,,,,,,,,,,,,,,,,,,,,,,,,,,,,,,,,,,,,,,,,,,,,,
10.2,10.2,10,9.6,8.8,8.8,9.2,9.3,9.1,8.9,8.9,9.5,9.8,9.6,9.4,8.9,8.6,8.6,8.8,8.9,8.8,8.5,8.4,8.9,9.2,9.1,8.8,8.3,7.9,7.7,7.9,7.9,7.8,7.4,7.3,7.7,7.9,7.7,7.3,6.8,6.4,6.3,6.4,6.4,6.2,5.8,5.6,6,6.1,5.9,5.6,5.2,5,5,5.3,5.3,5.3,5.2,5.3,6,6.8,7.4,7.7,7.9,7.9,8,8.4,8.5,8.6,8.5,8.6,9.2,9.8,9.9,9.7,9.2,8.7,8.5,8.7,8.6,8.5,8.5,8.6,9.6,9.7,9.6,9.2,8.6,8.2,8.1,8.2,8.2,8,7.9,8,8.6,9.1,9.2,8.9,8.4,8.2,8.1,8.3,8.3,8.4,8.5,8.7,9.4,8,,,,,,,,,,,,,,,,,,,,,,,,,,,,,,,,,,,,,,,,,,,,,,,,,,,,,,,,,,,,,,,,,,,,,,,,,,,,,,,,,,,,,,,,,,,,,,,,,,,,,,,,,,,,,,,,,,,,,,,,,,,,,,,,,,,,,,,,,,,,,,,,,,,
12/31/1990,12/31/1991,12/31/1992,12/31/1993,12/31/1994,12/31/1995,12/31/1996,12/31/1997,12/31/1998,12/31/1999,12/31/2000,12/31/2001,12/31/2002,12/31/2003,12/31/2004,12/31/2005,12/31/2006,12/31/2007,12/31/2008,12/31/2009,12/31/2010,12/31/2011,12/31/2012,12/31/2013,12/31/2014,12/31/2015,12/31/2016,12/31/2017,12/31/2018,,,,,,,,,,,,,,,,,,,,,,,,,,,,,,,,,,,,,,,,,,,,,,,,,,,,,,,,,,,,,,,,,,,,,,,,,,,,,,,,,,,,,,,,,,,,,,,,,,,,,,,,,,,,,,,,,,,,,,,,,,,,,,,,,,,,,,,,,,,,,,,,,,,,,,,,,,,,,,,,,,,,,,,,,,,,,,,,,,,,,,,,,,,,,,,,,,,,,,,,,,,,,,,,,,,,,,,,,,,,,,,,,,,
7.175,7.867,8.608,9.533,7.733,6.775,6.325,5.242,4.883,5.108,4.317,4.508,4.642,5.433,5.517,4.8,3.9,3.767,3.475,6.05,7.458,7.6,7.533,7.1,7.1,7,6.8,6.6,6.4,,,,,,,,,,,,,,,,,,,,,,,,,,,,,,,,,,,,,,,,,,,,,,,,,,,,,,,,,,,,,,,,,,,,,,,,,,,,,,,,,,,,,,,,,,,,,,,,,,,,,,,,,,,,,,,,,,,,,,,,,,,,,,,,,,,,,,,,,,,,,,,,,,,,,,,,,,,,,,,,,,,,,,,,,,,,,,,,,,,,,,,,,,,,,,,,,,,,,,,,,,,,,,,,,,,,,,,,,,,,,,,,,,,
1/31/2001,2/28/2001,3/31/2001,4/30/2001,5/31/2001,6/30/2001,7/31/2001,8/31/2001,9/30/2001,10/31/2001,11/30/2001,12/31/2001,1/31/2002,2/28/2002,3/31/2002,4/30/2002,5/31/2002,6/30/2002,7/31/2002,8/31/2002,9/30/2002,10/31/2002,11/30/2002,12/31/2002,1/31/2003,2/28/2003,3/31/2003,4/30/2003,5/31/2003,6/30/2003,7/31/2003,8/31/2003,9/30/2003,10/31/2003,11/30/2003,12/31/2003,1/31/2004,2/29/2004,4/30/2004,5/31/2004,6/30/2004,7/31/2004,8/31/2004,9/30/2004,10/31/2004,11/30/2004,12/31/2004,1/31/2005,2/28/2005,3/31/2005,4/30/2005,5/31/2005,6/30/2005,7/31/2005,8/31/2005,9/30/2005,10/31/2005,11/30/2005,12/31/2005,1/31/2006,2/28/2006,3/31/2006,4/30/2006,5/31/2006,6/30/2006,7/31/2006,8/31/2006,9/30/2006,10/31/2006,11/30/2006,12/31/2006,12/31/2012,3/31/2013,,,,,,,,,,,,,,,,,,,,,,,,,,,,,,,,,,,,,,,,,,,,,,,,,,,,,,,,,,,,,,,,,,,,,,,,,,,,,,,,,,,,,,,,,,,,,,,,,,,,,,,,,,,,,,,,,,,,,,,,,,,,,,,,,,,,,,,,,,,,,,,,,,,,,,,,,,,,,,,,,,,,,,,,,,,,,,,,,,,,,,,
10.8,12.4,12.1,11.5,10.6,10.4,10.4,10.5,10.5,9.5,8.2,8.1,8.4,8.8,8.9,8.7,9.2,8.5,8,9,9.2,8.9,8.4,7.7,8.2,10.9,10.5,10.7,10,10,10,9.6,10.1,9.3,9.3,9.3,11.4,10.3,12.1,11.5,10.5,9.9,10.8,11.3,11.1,11,9.4,11.55,11.98,11.06,10.62,10.6,10.99,11.12,11.01,10.75,9.82,9.71,9.3,10.21,10.58,10.43,10.25,10.09,10.73,10.2,9.9,10.4,10,9.8,9,5.04,4.6372,,,,,,,,,,,,,,,,,,,,,,,,,,,,,,,,,,,,,,,,,,,,,,,,,,,,,,,,,,,,,,,,,,,,,,,,,,,,,,,,,,,,,,,,,,,,,,,,,,,,,,,,,,,,,,,,,,,,,,,,,,,,,,,,,,,,,,,,,,,,,,,,,,,,,,,,,,,,,,,,,,,,,,,,,,,,,,,,,,,,,,,
3/31/2003,6/30/2003,9/30/2003,12/31/2003,3/31/2004,6/30/2004,9/30/2004,12/31/2004,3/31/2005,6/30/2005,9/30/2005,12/31/2005,3/31/2006,6/30/2006,9/30/2006,12/31/2006,3/31/2007,6/30/2007,9/30/2007,12/31/2007,3/31/2008,6/30/2008,9/30/2008,12/31/2008,3/31/2009,6/30/2009,9/30/2009,12/31/2009,3/31/2010,6/30/2010,9/30/2010,12/31/2010,3/31/2011,6/30/2011,9/30/2011,12/31/2011,3/31/2012,6/30/2012,9/30/2012,12/31/2012,3/31/2013,6/30/2013,9/30/2013,12/31/2013,,,,,,,,,,,,,,,,,,,,,,,,,,,,,,,,,,,,,,,,,,,,,,,,,,,,,,,,,,,,,,,,,,,,,,,,,,,,,,,,,,,,,,,,,,,,,,,,,,,,,,,,,,,,,,,,,,,,,,,,,,,,,,,,,,,,,,,,,,,,,,,,,,,,,,,,,,,,,,,,,,,,,,,,,,,,,,,,,,,,,,,,,,,,,,,,,,,,,,,,,,,,,,,,,,,,
9.96,10.45,10.6,10.64,10.44,11.12,10.95,10.47,10.11,10.5,11.8,11.7,11.77,10.9,11.1,8.99,9.03,8.93,8.9,9.1,9,8.37,8.55,8.84,9.37,9.42,9.36,9.4,9.12,8.96,8.94,8.9,11.9,11.8,11.9,12.4,12.6,12.6,12.5,13,13.2,13.3,13.4,13.4,,,,,,,,,,,,,,,,,,,,,,,,,,,,,,,,,,,,,,,,,,,,,,,,,,,,,,,,,,,,,,,,,,,,,,,,,,,,,,,,,,,,,,,,,,,,,,,,,,,,,,,,,,,,,,,,,,,,,,,,,,,,,,,,,,,,,,,,,,,,,,,,,,,,,,,,,,,,,,,,,,,,,,,,,,,,,,,,,,,,,,,,,,,,,,,,,,,,,,,,,,,,,,,,,,,,
12/31/1990,12/31/1991,12/31/1992,12/31/1993,12/31/1994,12/31/1995,12/31/1996,12/31/1997,12/31/1998,12/31/1999,12/31/2000,12/31/2001,12/31/2002,12/31/2003,12/31/2004,12/31/2005,12/31/2006,12/31/2007,12/31/2008,12/31/2009,12/31/2010,12/31/2011,12/31/2012,12/31/2013,12/31/2014,12/31/2015,12/31/2016,12/31/2017,12/31/2018,,,,,,,,,,,,,,,,,,,,,,,,,,,,,,,,,,,,,,,,,,,,,,,,,,,,,,,,,,,,,,,,,,,,,,,,,,,,,,,,,,,,,,,,,,,,,,,,,,,,,,,,,,,,,,,,,,,,,,,,,,,,,,,,,,,,,,,,,,,,,,,,,,,,,,,,,,,,,,,,,,,,,,,,,,,,,,,,,,,,,,,,,,,,,,,,,,,,,,,,,,,,,,,,,,,,,,,,,,,,,,,,,,,
3.2,6.606,11.725,16.357,16.606,15.397,14.578,12.641,11.364,10.217,9.783,9.125,9.075,9.008,8.825,8.4,7.717,6.867,6.367,8.242,8.383,7.775,7.75,8.034,7.884,7.8,7.7,7.6,7.5,,,,,,,,,,,,,,,,,,,,,,,,,,,,,,,,,,,,,,,,,,,,,,,,,,,,,,,,,,,,,,,,,,,,,,,,,,,,,,,,,,,,,,,,,,,,,,,,,,,,,,,,,,,,,,,,,,,,,,,,,,,,,,,,,,,,,,,,,,,,,,,,,,,,,,,,,,,,,,,,,,,,,,,,,,,,,,,,,,,,,,,,,,,,,,,,,,,,,,,,,,,,,,,,,,,,,,,,,,,,,,,,,,,
12/31/1990,12/31/1991,12/31/1992,12/31/1993,12/31/1994,12/31/1995,12/31/1996,12/31/1997,12/31/1998,12/31/1999,12/31/2000,12/31/2001,12/31/2002,12/31/2003,12/31/2004,12/31/2005,12/31/2006,12/31/2007,12/31/2008,12/31/2009,12/31/2010,12/31/2011,12/31/2012,12/31/2013,,,,,,,,,,,,,,,,,,,,,,,,,,,,,,,,,,,,,,,,,,,,,,,,,,,,,,,,,,,,,,,,,,,,,,,,,,,,,,,,,,,,,,,,,,,,,,,,,,,,,,,,,,,,,,,,,,,,,,,,,,,,,,,,,,,,,,,,,,,,,,,,,,,,,,,,,,,,,,,,,,,,,,,,,,,,,,,,,,,,,,,,,,,,,,,,,,,,,,,,,,,,,,,,,,,,,,,,,,,,,,,,,,,,,,,,
8.01,8.43,9.33,10.57,11.1,10.53,10.95,11.14,10.75,10.38,9.01,8.18,8.31,8.93,9.29,9.28,9.23,8.38,7.78,9.52,9.73,9.6,10.24,10.81,,,,,,,,,,,,,,,,,,,,,,,,,,,,,,,,,,,,,,,,,,,,,,,,,,,,,,,,,,,,,,,,,,,,,,,,,,,,,,,,,,,,,,,,,,,,,,,,,,,,,,,,,,,,,,,,,,,,,,,,,,,,,,,,,,,,,,,,,,,,,,,,,,,,,,,,,,,,,,,,,,,,,,,,,,,,,,,,,,,,,,,,,,,,,,,,,,,,,,,,,,,,,,,,,,,,,,,,,,,,,,,,,,,,,,,,
12/31/1992,12/31/1993,12/31/1994,12/31/1995,12/31/1996,12/31/1997,12/31/1998,12/31/1999,12/31/2000,12/31/2001,12/31/2002,12/31/2003,12/31/2004,12/31/2005,12/31/2006,12/31/2007,12/31/2008,12/31/2009,12/31/2010,12/31/2011,12/31/2012,12/31/2013,,,,,,,,,,,,,,,,,,,,,,,,,,,,,,,,,,,,,,,,,,,,,,,,,,,,,,,,,,,,,,,,,,,,,,,,,,,,,,,,,,,,,,,,,,,,,,,,,,,,,,,,,,,,,,,,,,,,,,,,,,,,,,,,,,,,,,,,,,,,,,,,,,,,,,,,,,,,,,,,,,,,,,,,,,,,,,,,,,,,,,,,,,,,,,,,,,,,,,,,,,,,,,,,,,,,,,,,,,,,,,,,,,,,,,,,,,
7.71,8.95,9.6,9.45,10.4,11.48,11.06,10.53,9.62,9.37,9.8,10.53,10.56,11.71,10.75,8.97,7.78,8.13,7.68,7.05,6.83,6.87,,,,,,,,,,,,,,,,,,,,,,,,,,,,,,,,,,,,,,,,,,,,,,,,,,,,,,,,,,,,,,,,,,,,,,,,,,,,,,,,,,,,,,,,,,,,,,,,,,,,,,,,,,,,,,,,,,,,,,,,,,,,,,,,,,,,,,,,,,,,,,,,,,,,,,,,,,,,,,,,,,,,,,,,,,,,,,,,,,,,,,,,,,,,,,,,,,,,,,,,,,,,,,,,,,,,,,,,,,,,,,,,,,,,,,,,,,
#N/A Invalid Security,,,,,,,,,,,,,,,,,,,,,,,,,,,,,,,,,,,,,,,,,,,,,,,,,,,,,,,,,,,,,,,,,,,,,,,,,,,,,,,,,,,,,,,,,,,,,,,,,,,,,,,,,,,,,,,,,,,,,,,,,,,,,,,,,,,,,,,,,,,,,,,,,,,,,,,,,,,,,,,,,,,,,,,,,,,,,,,,,,,,,,,,,,,,,,,,,,,,,,,,,,,,,,,,,,,,,,,,,,,,,,,,,,,,,,,,,,,,,,,,,,,,,,,,,,,,,,,
,,,,,,,,,,,,,,,,,,,,,,,,,,,,,,,,,,,,,,,,,,,,,,,,,,,,,,,,,,,,,,,,,,,,,,,,,,,,,,,,,,,,,,,,,,,,,,,,,,,,,,,,,,,,,,,,,,,,,,,,,,,,,,,,,,,,,,,,,,,,,,,,,,,,,,,,,,,,,,,,,,,,,,,,,,,,,,,,,,,,,,,,,,,,,,,,,,,,,,,,,,,,,,,,,,,,,,,,,,,,,,,,,,,,,,,,,,,,,,,,,,,,,,,,,,,,,,,
12/31/1998,12/31/1999,12/31/2000,12/31/2001,12/31/2002,12/31/2003,12/31/2004,12/31/2005,12/31/2006,12/31/2007,12/31/2008,12/31/2009,12/31/2010,12/31/2011,,,,,,,,,,,,,,,,,,,,,,,,,,,,,,,,,,,,,,,,,,,,,,,,,,,,,,,,,,,,,,,,,,,,,,,,,,,,,,,,,,,,,,,,,,,,,,,,,,,,,,,,,,,,,,,,,,,,,,,,,,,,,,,,,,,,,,,,,,,,,,,,,,,,,,,,,,,,,,,,,,,,,,,,,,,,,,,,,,,,,,,,,,,,,,,,,,,,,,,,,,,,,,,,,,,,,,,,,,,,,,,,,,,,,,,,,,,,,,,,,,
11.25,12.13,11.38,10.8,10.33,9.75,10.53,9.85,8.9,8.3,7.68,9.48,12.55,17.7,,,,,,,,,,,,,,,,,,,,,,,,,,,,,,,,,,,,,,,,,,,,,,,,,,,,,,,,,,,,,,,,,,,,,,,,,,,,,,,,,,,,,,,,,,,,,,,,,,,,,,,,,,,,,,,,,,,,,,,,,,,,,,,,,,,,,,,,,,,,,,,,,,,,,,,,,,,,,,,,,,,,,,,,,,,,,,,,,,,,,,,,,,,,,,,,,,,,,,,,,,,,,,,,,,,,,,,,,,,,,,,,,,,,,,,,,,,,,,,,,,
12/31/1990,12/31/1991,12/31/1992,12/31/1993,12/31/1994,12/31/1995,12/31/1996,12/31/1997,12/31/1998,12/31/1999,12/31/2000,12/31/2001,12/31/2002,12/31/2003,12/31/2004,12/31/2005,12/31/2006,12/31/2007,12/31/2008,12/31/2009,12/31/2010,12/31/2011,12/31/2012,12/31/2013,,,,,,,,,,,,,,,,,,,,,,,,,,,,,,,,,,,,,,,,,,,,,,,,,,,,,,,,,,,,,,,,,,,,,,,,,,,,,,,,,,,,,,,,,,,,,,,,,,,,,,,,,,,,,,,,,,,,,,,,,,,,,,,,,,,,,,,,,,,,,,,,,,,,,,,,,,,,,,,,,,,,,,,,,,,,,,,,,,,,,,,,,,,,,,,,,,,,,,,,,,,,,,,,,,,,,,,,,,,,,,,,,,,,,,,,
1.33,1.74,1.98,1.99,1.91,3.06,2.83,2.23,4.35,6.25,5.11,4.93,7.23,7.95,6.88,5.7,4.84,4.12,3.45,5.2,4.4,3.46,3.29,3.35,,,,,,,,,,,,,,,,,,,,,,,,,,,,,,,,,,,,,,,,,,,,,,,,,,,,,,,,,,,,,,,,,,,,,,,,,,,,,,,,,,,,,,,,,,,,,,,,,,,,,,,,,,,,,,,,,,,,,,,,,,,,,,,,,,,,,,,,,,,,,,,,,,,,,,,,,,,,,,,,,,,,,,,,,,,,,,,,,,,,,,,,,,,,,,,,,,,,,,,,,,,,,,,,,,,,,,,,,,,,,,,,,,,,,,,,
3/31/1999,4/30/1999,5/31/1999,6/30/1999,7/31/1999,8/31/1999,9/30/1999,10/31/1999,11/30/1999,12/31/1999,1/31/2000,2/29/2000,3/31/2000,4/30/2000,5/31/2000,6/30/2000,7/31/2000,8/31/2000,9/30/2000,10/31/2000,11/30/2000,12/31/2000,1/31/2001,2/28/2001,3/31/2001,4/30/2001,5/31/2001,6/30/2001,7/31/2001,8/31/2001,9/30/2001,10/31/2001,11/30/2001,12/31/2001,1/31/2002,2/28/2002,3/31/2002,4/30/2002,5/31/2002,6/30/2002,7/31/2002,8/31/2002,9/30/2002,10/31/2002,11/30/2002,12/31/2002,1/31/2003,2/28/2003,3/31/2003,4/30/2003,5/31/2003,6/30/2003,7/31/2003,8/31/2003,9/30/2003,10/31/2003,11/30/2003,12/31/2003,1/31/2004,2/29/2004,3/31/2004,4/30/2004,5/31/2004,6/30/2004,7/31/2004,8/31/2004,9/30/2004,10/31/2004,11/30/2004,12/31/2004,1/31/2005,2/28/2005,3/31/2005,4/30/2005,5/31/2005,6/30/2005,7/31/2005,8/31/2005,9/30/2005,10/31/2005,11/30/2005,12/31/2005,1/31/2006,2/28/2006,3/31/2006,4/30/2006,5/31/2006,6/30/2006,7/31/2006,8/31/2006,9/30/2006,10/31/2006,11/30/2006,12/31/2006,1/31/2007,2/28/2007,3/31/2007,4/30/2007,5/31/2007,6/30/2007,7/31/2007,8/31/2007,9/30/2007,10/31/2007,11/30/2007,12/31/2007,1/31/2008,2/29/2008,3/31/2008,4/30/2008,5/31/2008,6/30/2008,7/31/2008,8/31/2008,9/30/2008,10/31/2008,11/30/2008,12/31/2008,1/31/2009,2/28/2009,3/31/2009,4/30/2009,5/31/2009,6/30/2009,7/31/2009,8/31/2009,9/30/2009,10/31/2009,11/30/2009,12/31/2009,1/31/2010,2/28/2010,3/31/2010,4/30/2010,5/31/2010,6/30/2010,7/31/2010,8/31/2010,9/30/2010,10/31/2010,11/30/2010,12/31/2010,1/31/2011,2/28/2011,3/31/2011,4/30/2011,5/31/2011,6/30/2011,7/31/2011,8/31/2011,9/30/2011,10/31/2011,11/30/2011,12/31/2011,1/31/2012,2/29/2012,3/31/2012,4/30/2012,5/31/2012,6/30/2012,7/31/2012,8/31/2012,9/30/2012,10/31/2012,11/30/2012,12/31/2012,1/31/2013,2/28/2013,3/31/2013,4/30/2013,5/31/2013,6/30/2013,7/31/2013,8/31/2013,9/30/2013,10/31/2013,11/30/2013,12/31/2013,1/31/2014,,,,,,,,,,,,,,,,,,,,,,,,,,,,,,,,,,,,,,,,,,,,,,,,,,,,,,,,,,,,,,,,,,,,,,,,,,,,,
7.4,7.2,7,6.9,6.9,6.9,7,6.7,6.6,6.5,6.6,6.8,6.7,6.7,6.5,6.5,6.5,6.4,6.3,6.2,6,6,5.9,6,6,5.9,5.7,5.6,5.6,5.6,5.6,5.5,5.5,5.6,5.6,5.7,5.8,5.7,5.6,5.6,5.9,5.9,5.9,5.9,5.9,5.9,6.1,6.4,6.4,6.2,6,5.8,5.7,5.7,5.7,5.6,5.5,5.5,5.8,6,6.1,6,5.8,5.8,5.9,5.9,6.1,6.1,6.3,6.3,6.6,6.9,7.1,7.2,7.2,7.1,7.1,7.2,7.3,7.3,7.2,7.3,7.5,7.8,7.7,7.5,7.3,7.2,7.3,7.4,7.5,7.4,7.5,7.5,7.5,7.4,7.5,7.5,7.3,7,7,7.2,7.2,7.3,7.5,7.7,8.1,8,7.96,7.75,7.7,7.62,7.5,7.5,7.71,7.73,7.78,7.99,8.37,9.06,9.67,9.86,9.78,9.57,9.65,9.93,10.34,10.39,10.51,10.46,10.83,11.4,11.81,11.75,11.4,11.13,11,11,10.86,10.9,10.72,10.83,11.15,11.51,11.6,11.35,10.96,10.8,10.78,10.76,10.7,10.8,10.6,10.65,11.06,11.59,11.73,11.51,11.2,10.86,10.51,10.43,10.42,10.53,10.64,10.7,11.2,11.62,11.76,10.96,10.54,10.26,10.11,9.94,9.81,9.8,9.28,9.13,8.87,,,,,,,,,,,,,,,,,,,,,,,,,,,,,,,,,,,,,,,,,,,,,,,,,,,,,,,,,,,,,,,,,,,,,,,,,,,,,
12/31/2002,12/31/2003,12/31/2004,12/31/2005,12/31/2006,12/31/2007,12/31/2008,12/31/2009,12/31/2010,12/31/2011,12/31/2012,,,,,,,,,,,,,,,,,,,,,,,,,,,,,,,,,,,,,,,,,,,,,,,,,,,,,,,,,,,,,,,,,,,,,,,,,,,,,,,,,,,,,,,,,,,,,,,,,,,,,,,,,,,,,,,,,,,,,,,,,,,,,,,,,,,,,,,,,,,,,,,,,,,,,,,,,,,,,,,,,,,,,,,,,,,,,,,,,,,,,,,,,,,,,,,,,,,,,,,,,,,,,,,,,,,,,,,,,,,,,,,,,,,,,,,,,,,,,,,,,,,,,
8.8,9.5,9.2,8.9,7.8,7.8,10.4,10.7,10.8,9.8,9.9,,,,,,,,,,,,,,,,,,,,,,,,,,,,,,,,,,,,,,,,,,,,,,,,,,,,,,,,,,,,,,,,,,,,,,,,,,,,,,,,,,,,,,,,,,,,,,,,,,,,,,,,,,,,,,,,,,,,,,,,,,,,,,,,,,,,,,,,,,,,,,,,,,,,,,,,,,,,,,,,,,,,,,,,,,,,,,,,,,,,,,,,,,,,,,,,,,,,,,,,,,,,,,,,,,,,,,,,,,,,,,,,,,,,,,,,,,,,,,,,,,,,,
4/30/2005,7/31/2005,10/31/2005,1/31/2006,4/30/2006,7/31/2006,10/31/2006,1/31/2007,4/30/2007,7/31/2007,10/31/2007,1/31/2008,4/30/2008,7/31/2008,10/31/2008,1/31/2009,4/30/2009,7/31/2009,10/31/2009,1/31/2010,4/30/2010,7/31/2010,10/31/2010,1/31/2011,4/30/2011,7/31/2011,10/31/2011,1/31/2012,4/30/2012,7/31/2012,10/31/2012,1/31/2013,4/30/2013,7/31/2013,10/31/2013,1/31/2014,,,,,,,,,,,,,,,,,,,,,,,,,,,,,,,,,,,,,,,,,,,,,,,,,,,,,,,,,,,,,,,,,,,,,,,,,,,,,,,,,,,,,,,,,,,,,,,,,,,,,,,,,,,,,,,,,,,,,,,,,,,,,,,,,,,,,,,,,,,,,,,,,,,,,,,,,,,,,,,,,,,,,,,,,,,,,,,,,,,,,,,,,,,,,,,,,,,,,,,,,,,,,,,,,,,,,,,,,,,,
8.3,7.7,7.4,8.1,8.2,8.1,7.3,7.8,7.4,7.8,6.3,7.4,8,7.4,6.8,7.7,7.5,7.6,7.1,7.3,8,7,7.1,7.4,7.2,7.1,6.4,7.2,6.9,7,6.8,7.1,7.5,7.3,6.5,7.5,,,,,,,,,,,,,,,,,,,,,,,,,,,,,,,,,,,,,,,,,,,,,,,,,,,,,,,,,,,,,,,,,,,,,,,,,,,,,,,,,,,,,,,,,,,,,,,,,,,,,,,,,,,,,,,,,,,,,,,,,,,,,,,,,,,,,,,,,,,,,,,,,,,,,,,,,,,,,,,,,,,,,,,,,,,,,,,,,,,,,,,,,,,,,,,,,,,,,,,,,,,,,,,,,,,,,,,,,,,,
12/31/1990,12/31/1991,12/31/1992,12/31/1993,12/31/1994,12/31/1995,12/31/1996,12/31/1997,12/31/1998,12/31/1999,12/31/2000,12/31/2001,12/31/2002,12/31/2003,12/31/2004,12/31/2005,12/31/2006,12/31/2007,12/31/2008,12/31/2009,12/31/2010,12/31/2011,12/31/2012,12/31/2013,,,,,,,,,,,,,,,,,,,,,,,,,,,,,,,,,,,,,,,,,,,,,,,,,,,,,,,,,,,,,,,,,,,,,,,,,,,,,,,,,,,,,,,,,,,,,,,,,,,,,,,,,,,,,,,,,,,,,,,,,,,,,,,,,,,,,,,,,,,,,,,,,,,,,,,,,,,,,,,,,,,,,,,,,,,,,,,,,,,,,,,,,,,,,,,,,,,,,,,,,,,,,,,,,,,,,,,,,,,,,,,,,,,,,,,,
13.2,14.58,15.17,15.5,14.03,12.13,11.52,10.3,7.37,5.48,4.18,3.92,4.44,4.62,4.48,4.38,4.43,4.56,6.35,11.78,13.62,14.33,14.65,13.05,,,,,,,,,,,,,,,,,,,,,,,,,,,,,,,,,,,,,,,,,,,,,,,,,,,,,,,,,,,,,,,,,,,,,,,,,,,,,,,,,,,,,,,,,,,,,,,,,,,,,,,,,,,,,,,,,,,,,,,,,,,,,,,,,,,,,,,,,,,,,,,,,,,,,,,,,,,,,,,,,,,,,,,,,,,,,,,,,,,,,,,,,,,,,,,,,,,,,,,,,,,,,,,,,,,,,,,,,,,,,,,,,,,,,,,,
3/31/1990,6/30/1990,9/30/1990,12/31/1990,3/31/1991,6/30/1991,9/30/1991,12/31/1991,3/31/1992,6/30/1992,9/30/1992,12/31/1992,3/31/1993,6/30/1993,9/30/1993,12/31/1993,3/31/1994,6/30/1994,9/30/1994,12/31/1994,3/31/1995,6/30/1995,9/30/1995,12/31/1995,3/31/1996,6/30/1996,9/30/1996,12/31/1996,3/31/1997,6/30/1997,9/30/1997,12/31/1997,3/31/1998,6/30/1998,9/30/1998,12/31/1998,3/31/1999,6/30/1999,9/30/1999,12/31/1999,3/31/2000,6/30/2000,9/30/2000,12/31/2000,3/31/2001,6/30/2001,9/30/2001,12/31/2001,3/31/2002,6/30/2002,9/30/2002,12/31/2002,3/31/2003,6/30/2003,9/30/2003,12/31/2003,3/31/2004,6/30/2004,9/30/2004,12/31/2004,3/31/2005,6/30/2005,9/30/2005,12/31/2005,3/31/2006,6/30/2006,9/30/2006,12/31/2006,3/31/2007,6/30/2007,9/30/2007,12/31/2007,3/31/2008,6/30/2008,9/30/2008,12/31/2008,3/31/2009,6/30/2009,9/30/2009,12/31/2009,3/31/2010,6/30/2010,9/30/2010,12/31/2010,3/31/2011,6/30/2011,9/30/2011,12/31/2011,3/31/2012,6/30/2012,9/30/2012,12/31/2012,3/31/2013,6/30/2013,9/30/2013,12/31/2013,,,,,,,,,,,,,,,,,,,,,,,,,,,,,,,,,,,,,,,,,,,,,,,,,,,,,,,,,,,,,,,,,,,,,,,,,,,,,,,,,,,,,,,,,,,,,,,,,,,,,,,,,,,,,,,,,,,,,,,,,,,,,,,,,,,,,,,,,,,,,,,,,,,,,,,,,,,,,,,,
9,8.9,8.8,8.73,8.63,8.47,8.43,8.6,8.67,8.67,9,8.9,9.13,9.8,9.97,10.43,10.43,10.57,10.4,11.13,11.23,11.1,11.17,11.1,11,11.3,11.1,11.2,11.27,11.4,11,11.3,11.1,11.5,11.3,11.43,11.1,11.07,10.93,10.67,10.57,10.27,9.97,9.6,9.37,9.13,9.03,8.87,8.53,8.83,8.6,8.47,8.73,8.47,8.4,8.2,8.17,8.03,7.87,7.87,7.9,7.7,7.63,7.6,7.3,6.83,6.6,6.47,5.97,5.97,6.2,6.27,6.43,6.93,6.87,6.87,7.37,7.57,8.1,8.23,8.5,8.53,8.33,8.33,7.93,7.93,8.57,9.2,9.93,10.6,10.8,11.37,11.87,12.1,12.33,12.67,,,,,,,,,,,,,,,,,,,,,,,,,,,,,,,,,,,,,,,,,,,,,,,,,,,,,,,,,,,,,,,,,,,,,,,,,,,,,,,,,,,,,,,,,,,,,,,,,,,,,,,,,,,,,,,,,,,,,,,,,,,,,,,,,,,,,,,,,,,,,,,,,,,,,,,,,,,,,,,,
12/31/1990,12/31/1991,12/31/1992,12/31/1993,12/31/1994,12/31/1995,12/31/1996,12/31/1997,12/31/1998,12/31/1999,12/31/2000,12/31/2001,12/31/2002,12/31/2003,12/31/2004,12/31/2005,12/31/2006,12/31/2007,12/31/2008,12/31/2009,12/31/2010,12/31/2011,12/31/2012,12/31/2013,12/31/2014,12/31/2015,12/31/2016,12/31/2017,12/31/2018,,,,,,,,,,,,,,,,,,,,,,,,,,,,,,,,,,,,,,,,,,,,,,,,,,,,,,,,,,,,,,,,,,,,,,,,,,,,,,,,,,,,,,,,,,,,,,,,,,,,,,,,,,,,,,,,,,,,,,,,,,,,,,,,,,,,,,,,,,,,,,,,,,,,,,,,,,,,,,,,,,,,,,,,,,,,,,,,,,,,,,,,,,,,,,,,,,,,,,,,,,,,,,,,,,,,,,,,,,,,,,,,,,,
2.1,2.092,2.15,2.508,2.892,3.142,3.358,3.383,4.108,4.667,4.733,5.042,5.358,5.242,4.717,4.425,4.117,3.833,3.983,5.05,5.05,4.575,4.35,4.202,4.337,4.3,4.305,4.209,4.228,,,,,,,,,,,,,,,,,,,,,,,,,,,,,,,,,,,,,,,,,,,,,,,,,,,,,,,,,,,,,,,,,,,,,,,,,,,,,,,,,,,,,,,,,,,,,,,,,,,,,,,,,,,,,,,,,,,,,,,,,,,,,,,,,,,,,,,,,,,,,,,,,,,,,,,,,,,,,,,,,,,,,,,,,,,,,,,,,,,,,,,,,,,,,,,,,,,,,,,,,,,,,,,,,,,,,,,,,,,,,,,,,,,
#N/A Invalid Security,,,,,,,,,,,,,,,,,,,,,,,,,,,,,,,,,,,,,,,,,,,,,,,,,,,,,,,,,,,,,,,,,,,,,,,,,,,,,,,,,,,,,,,,,,,,,,,,,,,,,,,,,,,,,,,,,,,,,,,,,,,,,,,,,,,,,,,,,,,,,,,,,,,,,,,,,,,,,,,,,,,,,,,,,,,,,,,,,,,,,,,,,,,,,,,,,,,,,,,,,,,,,,,,,,,,,,,,,,,,,,,,,,,,,,,,,,,,,,,,,,,,,,,,,,,,,,,
,,,,,,,,,,,,,,,,,,,,,,,,,,,,,,,,,,,,,,,,,,,,,,,,,,,,,,,,,,,,,,,,,,,,,,,,,,,,,,,,,,,,,,,,,,,,,,,,,,,,,,,,,,,,,,,,,,,,,,,,,,,,,,,,,,,,,,,,,,,,,,,,,,,,,,,,,,,,,,,,,,,,,,,,,,,,,,,,,,,,,,,,,,,,,,,,,,,,,,,,,,,,,,,,,,,,,,,,,,,,,,,,,,,,,,,,,,,,,,,,,,,,,,,,,,,,,,,
3/31/1998,6/30/1998,9/30/1998,12/31/1998,3/31/1999,6/30/1999,9/30/1999,12/31/1999,3/31/2000,6/30/2000,9/30/2000,12/31/2000,3/31/2001,6/30/2001,9/30/2001,12/31/2001,3/31/2002,6/30/2002,9/30/2002,12/31/2002,3/31/2003,6/30/2003,9/30/2003,12/31/2003,3/31/2004,6/30/2004,9/30/2004,12/31/2004,3/31/2005,6/30/2005,9/30/2005,12/31/2005,3/31/2006,6/30/2006,9/30/2006,12/31/2006,3/31/2007,6/30/2007,9/30/2007,12/31/2007,3/31/2008,6/30/2008,9/30/2008,12/31/2008,3/31/2009,6/30/2009,9/30/2009,12/31/2009,3/31/2010,6/30/2010,9/30/2010,12/31/2010,3/31/2011,6/30/2011,9/30/2011,12/31/2011,3/31/2012,6/30/2012,9/30/2012,12/31/2012,3/31/2013,6/30/2013,9/30/2013,,,,,,,,,,,,,,,,,,,,,,,,,,,,,,,,,,,,,,,,,,,,,,,,,,,,,,,,,,,,,,,,,,,,,,,,,,,,,,,,,,,,,,,,,,,,,,,,,,,,,,,,,,,,,,,,,,,,,,,,,,,,,,,,,,,,,,,,,,,,,,,,,,,,,,,,,,,,,,,,,,,,,,,,,,,,,,,,,,,,,,,,,,,,,,,,,
2.9,3.3,3.3,3.4,4.5,3.3,2.9,3,3,3.3,3.1,3,4,3.7,3.3,3.7,3.7,3.8,3.2,3.2,3.8,4,3.4,3.2,3.8,3.7,3.4,3.3,3.5,3.1,3.8,3.8,3.8,3.4,3.1,3,3.4,3.4,3.1,3,3.6,3.5,3.1,3.1,4,3.2,3.6,3.4,3.6,3.2,3.1,3.2,3.1,3,3.1,3,3,3,3,3.1,3.1,3,3.1,,,,,,,,,,,,,,,,,,,,,,,,,,,,,,,,,,,,,,,,,,,,,,,,,,,,,,,,,,,,,,,,,,,,,,,,,,,,,,,,,,,,,,,,,,,,,,,,,,,,,,,,,,,,,,,,,,,,,,,,,,,,,,,,,,,,,,,,,,,,,,,,,,,,,,,,,,,,,,,,,,,,,,,,,,,,,,,,,,,,,,,,,,,,,,,,,
4/30/2000,5/31/2000,6/30/2000,7/31/2000,8/31/2000,9/30/2000,10/31/2000,11/30/2000,12/31/2000,1/31/2001,2/28/2001,3/31/2001,4/30/2001,5/31/2001,6/30/2001,7/31/2001,8/31/2001,9/30/2001,10/31/2001,11/30/2001,12/31/2001,1/31/2002,2/28/2002,3/31/2002,4/30/2002,5/31/2002,6/30/2002,7/31/2002,8/31/2002,9/30/2002,10/31/2002,11/30/2002,12/31/2002,1/31/2003,2/28/2003,3/31/2003,4/30/2003,5/31/2003,6/30/2003,7/31/2003,8/31/2003,9/30/2003,10/31/2003,11/30/2003,12/31/2003,1/31/2004,2/29/2004,3/31/2004,4/30/2004,5/31/2004,6/30/2004,7/31/2004,8/31/2004,9/30/2004,10/31/2004,11/30/2004,12/31/2004,1/31/2005,2/28/2005,3/31/2005,4/30/2005,5/31/2005,6/30/2005,7/31/2005,8/31/2005,9/30/2005,10/31/2005,11/30/2005,12/31/2005,1/31/2006,2/28/2006,3/31/2006,4/30/2006,5/31/2006,6/30/2006,7/31/2006,8/31/2006,9/30/2006,10/31/2006,11/30/2006,12/31/2006,1/31/2007,2/28/2007,3/31/2007,4/30/2007,5/31/2007,6/30/2007,7/31/2007,8/31/2007,9/30/2007,10/31/2007,11/30/2007,12/31/2007,1/31/2008,2/29/2008,3/31/2008,4/30/2008,5/31/2008,6/30/2008,7/31/2008,8/31/2008,9/30/2008,10/31/2008,11/30/2008,12/31/2008,1/31/2009,2/28/2009,3/31/2009,4/30/2009,5/31/2009,6/30/2009,7/31/2009,8/31/2009,9/30/2009,10/31/2009,11/30/2009,12/31/2009,1/31/2010,2/28/2010,3/31/2010,4/30/2010,5/31/2010,6/30/2010,7/31/2010,8/31/2010,9/30/2010,10/31/2010,11/30/2010,12/31/2010,1/31/2011,2/28/2011,3/31/2011,4/30/2011,5/31/2011,6/30/2011,7/31/2011,8/31/2011,9/30/2011,10/31/2011,11/30/2011,12/31/2011,1/31/2012,2/29/2012,3/31/2012,4/30/2012,5/31/2012,6/30/2012,7/31/2012,8/31/2012,9/30/2012,10/31/2012,11/30/2012,12/31/2012,1/31/2013,2/28/2013,3/31/2013,4/30/2013,5/31/2013,6/30/2013,7/31/2013,8/31/2013,9/30/2013,10/31/2013,11/30/2013,12/31/2013,1/31/2014,,,,,,,,,,,,,,,,,,,,,,,,,,,,,,,,,,,,,,,,,,,,,,,,,,,,,,,,,,,,,,,,,,,,,,,,,,,,,,,,,,,,,,,,,,
2.71,2.5,2.46,2.58,3.05,2.93,2.6,2.21,2.17,2.71,3.23,2.7,2.63,2.54,2.48,2.97,2.58,2.8,2.99,2.81,2.64,3.58,3.06,3.05,2.97,2.84,2.77,3.08,3.11,3.2,2.93,2.81,2.34,3.08,3.01,3.14,3.01,2.87,3,3.83,4.09,4.19,3.94,3.77,2.94,4.01,4.12,3.94,3.88,3.45,3.65,4.11,4.44,4.18,4.08,3.61,3.52,4.14,3.81,3.61,3.7,3.27,3.63,4.04,3.65,3.7,3.57,2.99,2.84,3.53,3.6,3.42,3.32,2.88,3.32,3.95,4.03,3.98,4.02,3.58,3.47,3.96,4.02,4.01,3.6,3.23,3.26,3.95,3.92,3.87,3.93,3.46,3.4,4.06,3.91,3.8,3.61,3.24,3.55,4.15,4.15,4.25,4.11,4.47,4.32,5,5.3,4.76,5.25,5.31,5.17,6.12,6.28,6.41,5.94,5.26,4.8,5.87,5.43,4.81,5.42,5.13,5.05,5.7,5.44,5.7,5.7,5.28,4.94,5.43,5.38,4.61,5.1,5.2,5.42,5.62,5.79,5.68,5,4.97,4.51,4.9,5.33,4.62,4.86,4.83,4.81,5.02,5.39,5.01,5.04,5.12,4.47,5.42,4.85,4.51,5.04,4.93,4.99,5.12,5.17,5.29,5.01,4.47,4.25,5.05,,,,,,,,,,,,,,,,,,,,,,,,,,,,,,,,,,,,,,,,,,,,,,,,,,,,,,,,,,,,,,,,,,,,,,,,,,,,,,,,,,,,,,,,,,
12/31/1995,12/31/1996,12/31/1997,12/31/1998,12/31/1999,12/31/2000,12/31/2001,12/31/2002,12/31/2003,12/31/2004,12/31/2005,12/31/2006,12/31/2007,12/31/2008,12/31/2009,12/31/2010,12/31/2011,12/31/2012,12/31/2013,,,,,,,,,,,,,,,,,,,,,,,,,,,,,,,,,,,,,,,,,,,,,,,,,,,,,,,,,,,,,,,,,,,,,,,,,,,,,,,,,,,,,,,,,,,,,,,,,,,,,,,,,,,,,,,,,,,,,,,,,,,,,,,,,,,,,,,,,,,,,,,,,,,,,,,,,,,,,,,,,,,,,,,,,,,,,,,,,,,,,,,,,,,,,,,,,,,,,,,,,,,,,,,,,,,,,,,,,,,,,,,,,,,,,,,,,,,,,
16,15.5,15.4,15.2,13.942,13.395,12.256,11.334,11.432,10.796,11.058,9.672,9.795,9.568,9.095,9.063,8.912,8.988,8.888,,,,,,,,,,,,,,,,,,,,,,,,,,,,,,,,,,,,,,,,,,,,,,,,,,,,,,,,,,,,,,,,,,,,,,,,,,,,,,,,,,,,,,,,,,,,,,,,,,,,,,,,,,,,,,,,,,,,,,,,,,,,,,,,,,,,,,,,,,,,,,,,,,,,,,,,,,,,,,,,,,,,,,,,,,,,,,,,,,,,,,,,,,,,,,,,,,,,,,,,,,,,,,,,,,,,,,,,,,,,,,,,,,,,,,,,,,,,,
12/31/1990,12/31/1991,12/31/1992,12/31/1993,12/31/1994,12/31/1995,12/31/1996,12/31/1997,12/31/1998,12/31/1999,12/31/2000,12/31/2001,12/31/2002,12/31/2003,12/31/2004,12/31/2005,12/31/2006,12/31/2007,12/31/2008,12/31/2009,12/31/2010,12/31/2011,12/31/2012,12/31/2013,12/31/2014,12/31/2015,12/31/2016,12/31/2017,12/31/2018,,,,,,,,,,,,,,,,,,,,,,,,,,,,,,,,,,,,,,,,,,,,,,,,,,,,,,,,,,,,,,,,,,,,,,,,,,,,,,,,,,,,,,,,,,,,,,,,,,,,,,,,,,,,,,,,,,,,,,,,,,,,,,,,,,,,,,,,,,,,,,,,,,,,,,,,,,,,,,,,,,,,,,,,,,,,,,,,,,,,,,,,,,,,,,,,,,,,,,,,,,,,,,,,,,,,,,,,,,,,,,,,,,,
8,10.6,10.625,9.8,8.375,6.45,6.3,6.875,7.725,7.05,6.15,5.45,5.275,4.75,4.05,3.825,3.825,3.675,4.15,6.15,6.525,6.475,6.925,5.987,5.288,5.071,5.066,4.965,4.818,,,,,,,,,,,,,,,,,,,,,,,,,,,,,,,,,,,,,,,,,,,,,,,,,,,,,,,,,,,,,,,,,,,,,,,,,,,,,,,,,,,,,,,,,,,,,,,,,,,,,,,,,,,,,,,,,,,,,,,,,,,,,,,,,,,,,,,,,,,,,,,,,,,,,,,,,,,,,,,,,,,,,,,,,,,,,,,,,,,,,,,,,,,,,,,,,,,,,,,,,,,,,,,,,,,,,,,,,,,,,,,,,,,
12/31/2000,12/31/2001,12/31/2002,12/31/2003,12/31/2004,12/31/2005,12/31/2006,12/31/2007,12/31/2008,12/31/2009,12/31/2010,12/31/2011,,,,,,,,,,,,,,,,,,,,,,,,,,,,,,,,,,,,,,,,,,,,,,,,,,,,,,,,,,,,,,,,,,,,,,,,,,,,,,,,,,,,,,,,,,,,,,,,,,,,,,,,,,,,,,,,,,,,,,,,,,,,,,,,,,,,,,,,,,,,,,,,,,,,,,,,,,,,,,,,,,,,,,,,,,,,,,,,,,,,,,,,,,,,,,,,,,,,,,,,,,,,,,,,,,,,,,,,,,,,,,,,,,,,,,,,,,,,,,,,,,,,
13.1,13.6,12.6,14.8,13.4,11.9,12.3,12.7,14.9,19.7,21.7,23.9,,,,,,,,,,,,,,,,,,,,,,,,,,,,,,,,,,,,,,,,,,,,,,,,,,,,,,,,,,,,,,,,,,,,,,,,,,,,,,,,,,,,,,,,,,,,,,,,,,,,,,,,,,,,,,,,,,,,,,,,,,,,,,,,,,,,,,,,,,,,,,,,,,,,,,,,,,,,,,,,,,,,,,,,,,,,,,,,,,,,,,,,,,,,,,,,,,,,,,,,,,,,,,,,,,,,,,,,,,,,,,,,,,,,,,,,,,,,,,,,,,,,
12/31/1990,12/31/1991,12/31/1992,12/31/1993,12/31/1994,12/31/1995,12/31/1996,12/31/1997,12/31/1998,12/31/1999,12/31/2000,12/31/2001,12/31/2002,12/31/2003,12/31/2004,12/31/2005,12/31/2006,12/31/2007,12/31/2008,12/31/2009,12/31/2010,12/31/2011,12/31/2012,12/31/2013,12/31/2014,12/31/2015,12/31/2016,12/31/2017,12/31/2018,,,,,,,,,,,,,,,,,,,,,,,,,,,,,,,,,,,,,,,,,,,,,,,,,,,,,,,,,,,,,,,,,,,,,,,,,,,,,,,,,,,,,,,,,,,,,,,,,,,,,,,,,,,,,,,,,,,,,,,,,,,,,,,,,,,,,,,,,,,,,,,,,,,,,,,,,,,,,,,,,,,,,,,,,,,,,,,,,,,,,,,,,,,,,,,,,,,,,,,,,,,,,,,,,,,,,,,,,,,,,,,,,,,
5.229,5.469,5.915,5.948,5.393,4.906,4.833,4.034,3.186,3.172,3.426,3.546,3.889,4.494,4.471,4.616,3.433,2.513,2.595,3.157,3.584,3.28,3.221,3.3,3.3,3.3,3.4,3.5,3.5,,,,,,,,,,,,,,,,,,,,,,,,,,,,,,,,,,,,,,,,,,,,,,,,,,,,,,,,,,,,,,,,,,,,,,,,,,,,,,,,,,,,,,,,,,,,,,,,,,,,,,,,,,,,,,,,,,,,,,,,,,,,,,,,,,,,,,,,,,,,,,,,,,,,,,,,,,,,,,,,,,,,,,,,,,,,,,,,,,,,,,,,,,,,,,,,,,,,,,,,,,,,,,,,,,,,,,,,,,,,,,,,,,,
12/31/1991,12/31/1992,12/31/1993,12/31/1994,12/31/1995,12/31/1996,12/31/1997,12/31/1998,12/31/1999,12/31/2000,12/31/2001,12/31/2002,12/31/2003,12/31/2004,12/31/2005,12/31/2006,12/31/2008,12/31/2009,12/31/2011,,,,,,,,,,,,,,,,,,,,,,,,,,,,,,,,,,,,,,,,,,,,,,,,,,,,,,,,,,,,,,,,,,,,,,,,,,,,,,,,,,,,,,,,,,,,,,,,,,,,,,,,,,,,,,,,,,,,,,,,,,,,,,,,,,,,,,,,,,,,,,,,,,,,,,,,,,,,,,,,,,,,,,,,,,,,,,,,,,,,,,,,,,,,,,,,,,,,,,,,,,,,,,,,,,,,,,,,,,,,,,,,,,,,,,,,,,,,,
16.1,14.7,13.3,14,14,14.3,13.4,13.6,11.8,13.5,14.7,14.1,13.6,12.3,10.3268,9.1107,5.9712,6.4255,5.0144,,,,,,,,,,,,,,,,,,,,,,,,,,,,,,,,,,,,,,,,,,,,,,,,,,,,,,,,,,,,,,,,,,,,,,,,,,,,,,,,,,,,,,,,,,,,,,,,,,,,,,,,,,,,,,,,,,,,,,,,,,,,,,,,,,,,,,,,,,,,,,,,,,,,,,,,,,,,,,,,,,,,,,,,,,,,,,,,,,,,,,,,,,,,,,,,,,,,,,,,,,,,,,,,,,,,,,,,,,,,,,,,,,,,,,,,,,,,,
7/31/2001,8/31/2001,9/30/2001,10/31/2001,11/30/2001,12/31/2001,1/31/2002,2/28/2002,3/31/2002,4/30/2002,5/31/2002,6/30/2002,7/31/2002,8/31/2002,9/30/2002,10/31/2002,11/30/2002,12/31/2002,1/31/2003,2/28/2003,3/31/2003,4/30/2003,5/31/2003,6/30/2003,7/31/2003,8/31/2003,9/30/2003,10/31/2003,11/30/2003,12/31/2003,1/31/2004,2/29/2004,3/31/2004,4/30/2004,5/31/2004,6/30/2004,7/31/2004,8/31/2004,9/30/2004,10/31/2004,11/30/2004,12/31/2004,1/31/2005,2/28/2005,3/31/2005,4/30/2005,5/31/2005,6/30/2005,7/31/2005,8/31/2005,9/30/2005,10/31/2005,11/30/2005,12/31/2005,1/31/2006,2/28/2006,3/31/2006,4/30/2006,5/31/2006,6/30/2006,7/31/2006,8/31/2006,9/30/2006,10/31/2006,11/30/2006,12/31/2006,1/31/2007,2/28/2007,3/31/2007,4/30/2007,5/31/2007,6/30/2007,7/31/2007,8/31/2007,9/30/2007,10/31/2007,11/30/2007,12/31/2007,1/31/2008,2/29/2008,3/31/2008,4/30/2008,5/31/2008,6/30/2008,7/31/2008,8/31/2008,9/30/2008,10/31/2008,11/30/2008,12/31/2008,1/31/2009,2/28/2009,3/31/2009,4/30/2009,5/31/2009,6/30/2009,7/31/2009,8/31/2009,9/30/2009,10/31/2009,11/30/2009,12/31/2009,1/31/2010,2/28/2010,3/31/2010,4/30/2010,5/31/2010,6/30/2010,7/31/2010,8/31/2010,9/30/2010,10/31/2010,11/30/2010,12/31/2010,1/31/2011,2/28/2011,3/31/2011,4/30/2011,5/31/2011,6/30/2011,7/31/2011,8/31/2011,9/30/2011,10/31/2011,11/30/2011,12/31/2011,1/31/2012,2/29/2012,3/31/2012,4/30/2012,5/31/2012,6/30/2012,7/31/2012,8/31/2012,9/30/2012,10/31/2012,11/30/2012,12/31/2012,1/31/2013,2/28/2013,3/31/2013,4/30/2013,5/31/2013,6/30/2013,7/31/2013,8/31/2013,9/30/2013,10/31/2013,11/30/2013,12/31/2013,1/31/2014,2/28/2014,,,,,,,,,,,,,,,,,,,,,,,,,,,,,,,,,,,,,,,,,,,,,,,,,,,,,,,,,,,,,,,,,,,,,,,,,,,,,,,,,,,,,,,,,,,,,,,,,,,,,,,,
8.9,10,9.7,9.4,9.2,7.9,10.8,11.1,9.9,11,9.7,9,8.2,9,8.4,8.1,8.9,8.9,9.9,9.6,10.6,9.4,9.3,9.1,8.2,10.5,8.2,9.1,9.4,9.7,11.1,10.6,10.2,10.7,9.1,8.6,8.1,9.5,9.1,9.2,8.3,8.8,13,10.6,10.4,9.7,10.3,9.1,8.5,10,9.3,7.9,8.6,7.6,8.9,9,9,8.7,8.8,8.9,8.5,8.4,8.5,8.1,7.9,7.4,9,9.5,9.8,9,8.5,8.3,7.9,7.9,8.2,7.9,7.9,7.5,8.1,9,9.3,9,8.1,7.9,8.1,8.4,8.5,7.9,7.7,7.8,8.8,9.3,9.3,8.8,8.5,8.5,8.2,8.3,7.8,7.6,7.2,7.9,8.6,9.6,9.2,9,7.7,7.6,7,7.4,7.6,7.9,7.6,7.2,7.7,9.1,9.4,8.8,7.4,7.3,7,7,7.3,7.3,7,7,7.8,8.3,8.7,8.1,7.2,6.3,6.2,6.7,6.6,6.2,5.9,5.6,6.1,6.4,6.4,5.6,5.7,5.8,6,5.6,5.9,5.8,5.8,5.7,6.4,7,,,,,,,,,,,,,,,,,,,,,,,,,,,,,,,,,,,,,,,,,,,,,,,,,,,,,,,,,,,,,,,,,,,,,,,,,,,,,,,,,,,,,,,,,,,,,,,,,,,,,,,,
4/30/2005,7/31/2005,10/31/2005,1/31/2006,4/30/2006,7/31/2006,10/31/2006,1/31/2007,4/30/2007,7/31/2007,10/31/2007,1/31/2008,4/30/2008,7/31/2008,10/31/2008,1/31/2009,4/30/2009,7/31/2009,10/31/2009,1/31/2010,4/30/2010,7/31/2010,10/31/2010,1/31/2011,4/30/2011,7/31/2011,10/31/2011,1/31/2012,4/30/2012,7/31/2012,10/31/2012,1/31/2013,4/30/2013,7/31/2013,10/31/2013,1/31/2014,,,,,,,,,,,,,,,,,,,,,,,,,,,,,,,,,,,,,,,,,,,,,,,,,,,,,,,,,,,,,,,,,,,,,,,,,,,,,,,,,,,,,,,,,,,,,,,,,,,,,,,,,,,,,,,,,,,,,,,,,,,,,,,,,,,,,,,,,,,,,,,,,,,,,,,,,,,,,,,,,,,,,,,,,,,,,,,,,,,,,,,,,,,,,,,,,,,,,,,,,,,,,,,,,,,,,,,,,,,,
8.3,7.7,7.4,8.1,8.2,8.1,7.3,7.8,7.4,7.8,6.3,7.4,8,7.4,6.8,7.7,7.5,7.6,7.1,7.3,8,7,7.1,7.4,7.2,7.1,6.4,7.2,6.9,7,6.8,7.1,7.5,7.3,6.5,7.5,,,,,,,,,,,,,,,,,,,,,,,,,,,,,,,,,,,,,,,,,,,,,,,,,,,,,,,,,,,,,,,,,,,,,,,,,,,,,,,,,,,,,,,,,,,,,,,,,,,,,,,,,,,,,,,,,,,,,,,,,,,,,,,,,,,,,,,,,,,,,,,,,,,,,,,,,,,,,,,,,,,,,,,,,,,,,,,,,,,,,,,,,,,,,,,,,,,,,,,,,,,,,,,,,,,,,,,,,,,,
1/31/1990,2/28/1990,3/31/1990,4/30/1990,5/31/1990,6/30/1990,7/31/1990,8/31/1990,9/30/1990,10/31/1990,11/30/1990,12/31/1990,1/31/1991,2/28/1991,3/31/1991,4/30/1991,5/31/1991,6/30/1991,7/31/1991,8/31/1991,9/30/1991,10/31/1991,11/30/1991,12/31/1991,1/31/1992,2/29/1992,3/31/1992,4/30/1992,5/31/1992,6/30/1992,7/31/1992,8/31/1992,9/30/1992,10/31/1992,11/30/1992,12/31/1992,1/31/1993,2/28/1993,3/31/1993,4/30/1993,5/31/1993,6/30/1993,7/31/1993,8/31/1993,9/30/1993,10/31/1993,11/30/1993,12/31/1993,1/31/1994,2/28/1994,3/31/1994,4/30/1994,5/31/1994,6/30/1994,7/31/1994,8/31/1994,9/30/1994,10/31/1994,11/30/1994,12/31/1994,1/31/1995,2/28/1995,3/31/1995,4/30/1995,5/31/1995,6/30/1995,7/31/1995,8/31/1995,9/30/1995,10/31/1995,11/30/1995,12/31/1995,1/31/1996,2/29/1996,3/31/1996,4/30/1996,5/31/1996,6/30/1996,7/31/1996,8/31/1996,9/30/1996,10/31/1996,11/30/1996,12/31/1996,1/31/1997,2/28/1997,3/31/1997,4/30/1997,5/31/1997,6/30/1997,7/31/1997,8/31/1997,9/30/1997,10/31/1997,11/30/1997,12/31/1997,1/31/1998,2/28/1998,3/31/1998,4/30/1998,5/31/1998,6/30/1998,7/31/1998,8/31/1998,9/30/1998,10/31/1998,11/30/1998,12/31/1998,1/31/1999,2/28/1999,3/31/1999,4/30/1999,5/31/1999,6/30/1999,7/31/1999,8/31/1999,9/30/1999,10/31/1999,11/30/1999,12/31/1999,1/31/2000,2/29/2000,3/31/2000,4/30/2000,5/31/2000,6/30/2000,7/31/2000,8/31/2000,9/30/2000,10/31/2000,11/30/2000,12/31/2000,1/31/2001,2/28/2001,3/31/2001,4/30/2001,5/31/2001,6/30/2001,7/31/2001,8/31/2001,9/30/2001,10/31/2001,11/30/2001,12/31/2001,1/31/2002,2/28/2002,3/31/2002,4/30/2002,5/31/2002,6/30/2002,7/31/2002,8/31/2002,9/30/2002,10/31/2002,11/30/2002,12/31/2002,1/31/2003,2/28/2003,3/31/2003,4/30/2003,5/31/2003,6/30/2003,7/31/2003,8/31/2003,9/30/2003,10/31/2003,11/30/2003,12/31/2003,1/31/2004,2/29/2004,3/31/2004,4/30/2004,5/31/2004,6/30/2004,7/31/2004,8/31/2004,9/30/2004,10/31/2004,11/30/2004,12/31/2004,1/31/2005,2/28/2005,3/31/2005,4/30/2005,5/31/2005,6/30/2005,7/31/2005,8/31/2005,9/30/2005,10/31/2005,11/30/2005,12/31/2005,1/31/2006,2/28/2006,3/31/2006,4/30/2006,5/31/2006,6/30/2006,7/31/2006,8/31/2006,9/30/2006,10/31/2006,11/30/2006,12/31/2006,1/31/2007,2/28/2007,3/31/2007,4/30/2007,5/31/2007,6/30/2007,7/31/2007,8/31/2007,9/30/2007,10/31/2007,11/30/2007,12/31/2007,1/31/2008,2/29/2008,3/31/2008,4/30/2008,5/31/2008,6/30/2008,7/31/2008,8/31/2008,9/30/2008,10/31/2008,11/30/2008,12/31/2008,1/31/2009,2/28/2009,3/31/2009,4/30/2009,5/31/2009,6/30/2009,7/31/2009,8/31/2009,9/30/2009,10/31/2009,11/30/2009,12/31/2009,1/31/2010,2/28/2010,3/31/2010,4/30/2010,5/31/2010,6/30/2010,7/31/2010,8/31/2010,9/30/2010,10/31/2010,11/30/2010,12/31/2010,1/31/2011,2/28/2011,3/31/2011,4/30/2011
0.3,0.8,1.5,1.9,2.4,3.1,3.8,4.5,5,5.5,5.9,6.5,6.6,6.8,7.1,7.3,7.7,8.4,9.4,9.8,10.5,10.8,11.1,12.2,12.1,12.4,12.1,12.2,12.3,12.6,13.1,13.4,13.6,13.5,13.5,14.3,14.2,14.4,14.4,14.4,14.3,14.8,15.4,15.4,15.4,15.3,15.5,16.4,16.7,16.8,16.7,16.4,16.2,16.6,16.9,16.8,16.5,16.2,16.1,16,16.1,15.9,15.5,15.2,14.8,15.2,15.3,15.2,15,14.7,14.7,14.9,15.4,15.5,15.4,15.1,14.7,14.3,14.1,13.8,13.5,13.2,13.3,13.2,13.1,13,12.6,12.1,11.7,11.6,11.3,11,10.6,10.3,10.3,10.3,10.7,10.6,10.4,10,9.7,9.6,9.6,9.5,9.6,9.7,9.9,10.4,11.4,11.9,12,11.8,11.6,11.6,11.8,11.9,12.1,12.2,12.5,13.1,13.7,14,14,13.8,13.6,13.6,13.8,13.9,14,14.1,14.5,15.1,15.7,15.9,16.1,16,15.9,15.9,16,16.2,16.3,16.4,16.8,17.4,20.1,20.2,20.1,19.9,19.2,19.4,19.4,19.5,19.5,19.5,19.7,20,20.6,20.7,20.6,20.3,19.8,19.7,19.6,19.5,19.4,19.3,19.5,20,20.6,20.6,20.4,19.9,19.5,19.4,19.3,19.1,18.9,18.7,18.7,19,19.4,19.4,19.2,18.7,18.2,18,17.9,17.7,17.6,17.3,17.3,17.6,18,18,17.8,17.2,16.5,15.9,15.7,15.5,15.2,14.9,14.8,14.8,15.1,14.8,14.3,13.6,12.9,12.3,12.1,11.9,11.6,11.3,11.2,11.2,11.5,11.3,10.9,10.3,9.8,9.4,9.2,9.1,8.9,8.8,9.1,9.5,10.4,10.9,11.1,10.9,10.7,10.6,10.7,10.8,10.9,11.1,11.4,12.1,12.9,13.2,13,12.4,12.1,11.7,11.5,11.4,11.5,11.5,11.7,12.4,13.1,13.4,13.3,12.8
12/31/1990,12/31/1991,12/31/1992,12/31/1993,12/31/1994,12/31/1995,12/31/1996,12/31/1997,12/31/1998,12/31/1999,12/31/2000,12/31/2001,12/31/2002,12/31/2003,12/31/2004,12/31/2005,12/31/2006,12/31/2007,12/31/2008,12/31/2009,12/31/2010,12/31/2011,12/31/2012,12/31/2013,12/31/2014,12/31/2015,12/31/2016,12/31/2017,12/31/2018,,,,,,,,,,,,,,,,,,,,,,,,,,,,,,,,,,,,,,,,,,,,,,,,,,,,,,,,,,,,,,,,,,,,,,,,,,,,,,,,,,,,,,,,,,,,,,,,,,,,,,,,,,,,,,,,,,,,,,,,,,,,,,,,,,,,,,,,,,,,,,,,,,,,,,,,,,,,,,,,,,,,,,,,,,,,,,,,,,,,,,,,,,,,,,,,,,,,,,,,,,,,,,,,,,,,,,,,,,,,,,,,,,,
4.225,4.138,3.86,5.127,6.34,7.2,7.251,6.741,4.972,4.39,4.002,4.058,5.062,6.269,6.651,7.616,7.657,7.985,7.592,9.469,10.797,12.739,15.653,17.409,17.713,17.299,16.75,16.197,15.607,,,,,,,,,,,,,,,,,,,,,,,,,,,,,,,,,,,,,,,,,,,,,,,,,,,,,,,,,,,,,,,,,,,,,,,,,,,,,,,,,,,,,,,,,,,,,,,,,,,,,,,,,,,,,,,,,,,,,,,,,,,,,,,,,,,,,,,,,,,,,,,,,,,,,,,,,,,,,,,,,,,,,,,,,,,,,,,,,,,,,,,,,,,,,,,,,,,,,,,,,,,,,,,,,,,,,,,,,,,,,,,,,,,
#N/A Invalid Security,,,,,,,,,,,,,,,,,,,,,,,,,,,,,,,,,,,,,,,,,,,,,,,,,,,,,,,,,,,,,,,,,,,,,,,,,,,,,,,,,,,,,,,,,,,,,,,,,,,,,,,,,,,,,,,,,,,,,,,,,,,,,,,,,,,,,,,,,,,,,,,,,,,,,,,,,,,,,,,,,,,,,,,,,,,,,,,,,,,,,,,,,,,,,,,,,,,,,,,,,,,,,,,,,,,,,,,,,,,,,,,,,,,,,,,,,,,,,,,,,,,,,,,,,,,,,,,
,,,,,,,,,,,,,,,,,,,,,,,,,,,,,,,,,,,,,,,,,,,,,,,,,,,,,,,,,,,,,,,,,,,,,,,,,,,,,,,,,,,,,,,,,,,,,,,,,,,,,,,,,,,,,,,,,,,,,,,,,,,,,,,,,,,,,,,,,,,,,,,,,,,,,,,,,,,,,,,,,,,,,,,,,,,,,,,,,,,,,,,,,,,,,,,,,,,,,,,,,,,,,,,,,,,,,,,,,,,,,,,,,,,,,,,,,,,,,,,,,,,,,,,,,,,,,,,
2/28/1991,3/31/1991,4/30/1991,5/31/1991,6/30/1991,7/31/1991,8/31/1991,9/30/1991,10/31/1991,11/30/1991,12/31/1991,1/31/1992,2/29/1992,3/31/1992,4/30/1992,5/31/1992,6/30/1992,7/31/1992,8/31/1992,9/30/1992,10/31/1992,11/30/1992,12/31/1992,1/31/1993,2/28/1993,3/31/1993,4/30/1993,5/31/1993,6/30/1993,7/31/1993,8/31/1993,9/30/1993,10/31/1993,11/30/1993,12/31/1993,1/31/1994,2/28/1994,3/31/1994,4/30/1994,5/31/1994,6/30/1994,7/31/1994,8/31/1994,9/30/1994,10/31/1994,11/30/1994,12/31/1994,1/31/1995,2/28/1995,3/31/1995,4/30/1995,5/31/1995,6/30/1995,7/31/1995,8/31/1995,9/30/1995,10/31/1995,11/30/1995,12/31/1995,1/31/1996,2/29/1996,3/31/1996,4/30/1996,5/31/1996,6/30/1996,7/31/1996,8/31/1996,9/30/1996,10/31/1996,11/30/1996,12/31/1996,1/31/1997,2/28/1997,3/31/1997,4/30/1997,5/31/1997,6/30/1997,7/31/1997,8/31/1997,9/30/1997,10/31/1997,11/30/1997,12/31/1997,1/31/1998,2/28/1998,3/31/1998,4/30/1998,5/31/1998,6/30/1998,7/31/1998,8/31/1998,9/30/1998,10/31/1998,11/30/1998,12/31/1998,1/31/1999,2/28/1999,3/31/1999,4/30/1999,5/31/1999,6/30/1999,7/31/1999,8/31/1999,9/30/1999,10/31/1999,11/30/1999,12/31/1999,1/31/2000,2/29/2000,3/31/2000,4/30/2000,5/31/2000,6/30/2000,7/31/2000,8/31/2000,9/30/2000,10/31/2000,11/30/2000,12/31/2000,1/31/2001,2/28/2001,3/31/2001,4/30/2001,5/31/2001,6/30/2001,7/31/2001,8/31/2001,9/30/2001,10/31/2001,11/30/2001,12/31/2001,1/31/2002,2/28/2002,3/31/2002,4/30/2002,5/31/2002,6/30/2002,7/31/2002,8/31/2002,9/30/2002,10/31/2002,11/30/2002,12/31/2002,1/31/2003,2/28/2003,3/31/2003,4/30/2003,5/31/2003,6/30/2003,7/31/2003,8/31/2003,9/30/2003,10/31/2003,11/30/2003,12/31/2003,1/31/2004,2/29/2004,3/31/2004,4/30/2004,5/31/2004,6/30/2004,7/31/2004,8/31/2004,9/30/2004,10/31/2004,11/30/2004,12/31/2004,1/31/2005,2/28/2005,3/31/2005,4/30/2005,5/31/2005,6/30/2005,7/31/2005,8/31/2005,9/30/2005,10/31/2005,11/30/2005,12/31/2005,1/31/2006,2/28/2006,3/31/2006,4/30/2006,5/31/2006,6/30/2006,7/31/2006,8/31/2006,9/30/2006,10/31/2006,11/30/2006,12/31/2006,1/31/2007,2/28/2007,3/31/2007,4/30/2007,5/31/2007,6/30/2007,7/31/2007,8/31/2007,9/30/2007,10/31/2007,11/30/2007,12/31/2007,1/31/2008,2/29/2008,3/31/2008,4/30/2008,5/31/2008,6/30/2008,7/31/2008,8/31/2008,9/30/2008,10/31/2008,11/30/2008,12/31/2008,1/31/2009,2/28/2009,3/31/2009,4/30/2009,5/31/2009,6/30/2009,7/31/2009,8/31/2009,9/30/2009,10/31/2009,11/30/2009,12/31/2009,1/31/2010,2/28/2010,3/31/2010,4/30/2010,5/31/2010,6/30/2010,7/31/2010,8/31/2010,9/30/2010,10/31/2010,11/30/2010,12/31/2010,1/31/2011,2/28/2011,3/31/2011,4/30/2011,5/31/2011,6/30/2011,7/31/2011,8/31/2011,9/30/2011,10/31/2011,11/30/2011,12/31/2011,1/31/2012,2/29/2012,3/31/2012,4/30/2012,5/31/2012
0.6,0.8,1.1,1.4,1.8,1.9,2.1,2.3,2.3,2.4,3,3.5,3.9,4.4,3.9,4.1,4.5,4.8,5.9,6.7,7.4,7.9,8.2,8.3,9,9.3,9.2,9.1,9.1,9.1,8.9,9.1,9.3,9.6,10.4,11,11.4,11.5,11.3,11.2,10.8,10.7,10.5,10.6,10.8,10.8,10.9,11,11.1,10.9,10.5,10.3,9.9,9.7,9.5,9.2,9,8.8,9.5,9.9,10.1,9.8,8.8,8.2,7.6,7,6.6,6.3,6.3,6.1,6.6,7,7.5,7.5,7.3,7.1,7.3,7.2,7.1,7.2,7.6,8.1,8.9,9.3,9.7,9.6,9.4,9.2,8.9,8.8,8.7,8.7,9,9.5,10.4,11.2,12,12,11.7,11.5,11.4,11.3,10.9,10.9,10.8,11.1,11.8,12.3,12.5,12.2,11.9,11.5,11.2,10.8,10.5,10.2,10.2,10.3,10.5,10.7,10.7,10.3,9.8,9.2,8.7,8.3,8,7.8,7.7,8,8.8,12.7,13.5,13.4,11.4,10.5,9.9,9.2,8.7,8.4,8.2,8.1,8.4,8.6,8.8,8.6,8,7.6,7.3,7.2,6.8,6.7,7,7.2,7.4,7.7,7.8,7.8,7.4,6.9,6.6,6.3,6.2,6.1,6.1,6.2,6.3,6.4,6.3,6.1,5.8,5.6,5.6,5.6,5.7,5.6,5.7,5.7,5.9,6.1,6.2,6.1,5.8,5.4,5.2,5,5,4.9,5.1,5.1,5.2,5.3,5.1,4.8,4.5,4.1,4,3.8,3.9,3.9,4.1,4.2,4.1,4.22,4.18,4.11,3.88,3.72,3.71,3.74,3.8,3.88,4,4.1,4.4,4.9,5.3,5.6,5.7,5.8,6,6.3,6.6,6.9,7.1,7.5,7.8,8.1,8.3,8.36,8.07,7.67,7.44,7.43,7.39,7.35,7.08,6.95,6.87,6.83,6.67,6,5.48,5.04,4.84,4.84,4.87,4.89,4.93,5.06,5.12,5.37,5.37,5.15,4.82,4.64
1/31/1999,2/28/1999,3/31/1999,4/30/1999,5/31/1999,6/30/1999,7/31/1999,8/31/1999,9/30/1999,10/31/1999,11/30/1999,12/31/1999,1/31/2000,2/29/2000,3/31/2000,4/30/2000,5/31/2000,6/30/2000,7/31/2000,8/31/2000,9/30/2000,10/31/2000,11/30/2000,12/31/2000,1/31/2001,2/28/2001,3/31/2001,4/30/2001,5/31/2001,6/30/2001,7/31/2001,8/31/2001,9/30/2001,10/31/2001,11/30/2001,12/31/2001,1/31/2002,2/28/2002,3/31/2002,4/30/2002,5/31/2002,6/30/2002,7/31/2002,8/31/2002,9/30/2002,10/31/2002,11/30/2002,12/31/2002,1/31/2003,2/28/2003,3/31/2003,4/30/2003,5/31/2003,6/30/2003,7/31/2003,8/31/2003,9/30/2003,10/31/2003,11/30/2003,12/31/2003,1/31/2004,2/29/2004,3/31/2004,4/30/2004,5/31/2004,6/30/2004,7/31/2004,8/31/2004,9/30/2004,10/31/2004,11/30/2004,12/31/2004,1/31/2005,2/28/2005,3/31/2005,4/30/2005,5/31/2005,6/30/2005,7/31/2005,8/31/2005,9/30/2005,10/31/2005,11/30/2005,12/31/2005,1/31/2006,2/28/2006,3/31/2006,4/30/2006,5/31/2006,6/30/2006,7/31/2006,8/31/2006,9/30/2006,10/31/2006,11/30/2006,12/31/2006,1/31/2007,2/28/2007,3/31/2007,4/30/2007,5/31/2007,6/30/2007,7/31/2007,8/31/2007,9/30/2007,10/31/2007,11/30/2007,12/31/2007,1/31/2008,2/29/2008,3/31/2008,4/30/2008,5/31/2008,6/30/2008,7/31/2008,8/31/2008,9/30/2008,10/31/2008,11/30/2008,12/31/2008,1/31/2009,2/28/2009,3/31/2009,4/30/2009,5/31/2009,6/30/2009,7/31/2009,8/31/2009,9/30/2009,10/31/2009,11/30/2009,12/31/2009,1/31/2010,2/28/2010,3/31/2010,4/30/2010,5/31/2010,6/30/2010,7/31/2010,8/31/2010,9/30/2010,10/31/2010,11/30/2010,12/31/2010,1/31/2011,2/28/2011,3/31/2011,4/30/2011,5/31/2011,6/30/2011,7/31/2011,8/31/2011,9/30/2011,10/31/2011,11/30/2011,12/31/2011,1/31/2012,2/29/2012,3/31/2012,4/30/2012,5/31/2012,6/30/2012,7/31/2012,8/31/2012,9/30/2012,10/31/2012,11/30/2012,12/31/2012,1/31/2013,2/28/2013,3/31/2013,4/30/2013,5/31/2013,6/30/2013,7/31/2013,8/31/2013,9/30/2013,10/31/2013,11/30/2013,12/31/2013,1/31/2014,2/28/2014,,,,,,,,,,,,,,,,,,,,,,,,,,,,,,,,,,,,,,,,,,,,,,,,,,,,,,,,,,,,,,,,,,,,,,,,,,
14.3,14.6,14,13.5,12.9,12.8,12.5,12.1,12.2,12.4,12.6,12.5,12.5,12.4,11.4,10.8,10.3,10.1,10,9.9,9.8,9.8,9.8,9.9,9.9,10,9.5,9.1,8.6,8.5,8.5,8.5,8.6,8.7,8.8,8.6,8.5,8.4,8.2,8,7.7,7.5,7.4,7.2,7.7,8.2,8.7,9,9.2,9.5,9.2,8.8,8.4,8.4,8.3,8.2,8.2,8.2,8.2,8.6,9.1,9.5,8.9,8.2,7.6,7.5,7.4,7.3,7.7,8,8.4,8.3,8.3,8.3,8,7.6,7.3,7.3,7.3,7.2,7.3,7.4,7.5,7.6,7.8,7.9,7.7,7.6,7.5,7.2,6.8,6.5,6.6,6.7,6.7,6.9,7.1,7.2,6.8,6.4,5.9,5.8,5.7,5.6,5.6,5.6,5.7,6.1,6.6,7.1,6.5,6,5.4,5.6,5.7,5.8,6.2,6.6,7,7.8,8.7,9.4,9.2,8.8,8.5,8.3,8.1,7.8,7.6,7.7,8.2,8.2,9.2,8.6,8.6,8.2,7.3,6.8,7,6.8,6.6,6.8,6.7,7.2,7.8,7.6,7.1,7.2,6.4,6.1,6.5,6.1,6,6.4,6.3,6.1,6.3,6.2,6.3,5.6,5.2,5.2,5.2,5,5,5.1,5.2,5.1,6,5.8,5.7,5.6,5.2,5.4,5.3,5.2,5.3,5.5,5.4,5.6,5.6,5.6,,,,,,,,,,,,,,,,,,,,,,,,,,,,,,,,,,,,,,,,,,,,,,,,,,,,,,,,,,,,,,,,,,,,,,,,,,
12/31/1999,12/31/2000,12/31/2001,12/31/2002,12/31/2003,12/31/2004,12/31/2005,12/31/2006,12/31/2007,12/31/2008,12/31/2009,12/31/2010,,,,,,,,,,,,,,,,,,,,,,,,,,,,,,,,,,,,,,,,,,,,,,,,,,,,,,,,,,,,,,,,,,,,,,,,,,,,,,,,,,,,,,,,,,,,,,,,,,,,,,,,,,,,,,,,,,,,,,,,,,,,,,,,,,,,,,,,,,,,,,,,,,,,,,,,,,,,,,,,,,,,,,,,,,,,,,,,,,,,,,,,,,,,,,,,,,,,,,,,,,,,,,,,,,,,,,,,,,,,,,,,,,,,,,,,,,,,,,,,,,,,
8.1,8.2,8.3,9.7,10.4,11,11.5,12,11,9.8,10.5,10,,,,,,,,,,,,,,,,,,,,,,,,,,,,,,,,,,,,,,,,,,,,,,,,,,,,,,,,,,,,,,,,,,,,,,,,,,,,,,,,,,,,,,,,,,,,,,,,,,,,,,,,,,,,,,,,,,,,,,,,,,,,,,,,,,,,,,,,,,,,,,,,,,,,,,,,,,,,,,,,,,,,,,,,,,,,,,,,,,,,,,,,,,,,,,,,,,,,,,,,,,,,,,,,,,,,,,,,,,,,,,,,,,,,,,,,,,,,,,,,,,,,
3/31/1992,6/30/1992,9/30/1992,12/31/1992,3/31/1993,6/30/1993,9/30/1993,12/31/1993,3/31/1994,6/30/1994,9/30/1994,12/31/1994,3/31/1995,6/30/1995,9/30/1995,12/31/1995,3/31/1996,6/30/1996,9/30/1996,12/31/1996,3/31/1997,6/30/1997,9/30/1997,12/31/1997,3/31/1998,6/30/1998,9/30/1998,12/31/1998,3/31/1999,6/30/1999,9/30/1999,12/31/1999,3/31/2000,6/30/2000,9/30/2000,12/31/2000,3/31/2001,6/30/2001,9/30/2001,12/31/2001,3/31/2002,6/30/2002,9/30/2002,12/31/2002,3/31/2003,6/30/2003,9/30/2003,12/31/2003,3/31/2004,6/30/2004,9/30/2004,12/31/2004,3/31/2005,6/30/2005,9/30/2005,12/31/2005,3/31/2006,6/30/2006,9/30/2006,12/31/2006,3/31/2007,6/30/2007,9/30/2007,12/31/2007,3/31/2008,6/30/2008,9/30/2008,12/31/2008,3/31/2009,6/30/2009,9/30/2009,12/31/2009,3/31/2010,6/30/2010,9/30/2010,12/31/2010,3/31/2011,6/30/2011,9/30/2011,12/31/2011,3/31/2012,6/30/2012,9/30/2012,12/31/2012,3/31/2013,6/30/2013,9/30/2013,12/31/2013,,,,,,,,,,,,,,,,,,,,,,,,,,,,,,,,,,,,,,,,,,,,,,,,,,,,,,,,,,,,,,,,,,,,,,,,,,,,,,,,,,,,,,,,,,,,,,,,,,,,,,,,,,,,,,,,,,,,,,,,,,,,,,,,,,,,,,,,,,,,,,,,,,,,,,,,,,,,,,,,,,,,,,,,
1.8,1.8,2,1.6,1.5,1.8,1.8,1.6,1.7,1.6,1.8,1.8,1.7,1.9,1.6,1.7,1.8,1.8,1.5,1.5,1.4,1.4,1.4,1.5,1.7,1.9,3.3,3.4,3.1,2.7,3,2.4,2.8,3.4,2,2.2,1.9,2.2,2.9,3.7,3.6,3.4,3.6,3.7,3.7,3.6,4.8,3.9,3.7,3.6,3,3.2,3.2,3.3,3.3,2.7,2.4,2.7,2.8,2.8,2.7,2.3,1.7,1.7,1.9,2.2,2.3,2.7,3.2,3.2,3.3,2.3,2.2,2.2,2.1,2.2,1.9,2.1,2,2.1,2,2,1.9,1.8,1.9,2.1,1.8,1.8,,,,,,,,,,,,,,,,,,,,,,,,,,,,,,,,,,,,,,,,,,,,,,,,,,,,,,,,,,,,,,,,,,,,,,,,,,,,,,,,,,,,,,,,,,,,,,,,,,,,,,,,,,,,,,,,,,,,,,,,,,,,,,,,,,,,,,,,,,,,,,,,,,,,,,,,,,,,,,,,,,,,,,,,
12/31/1990,12/31/1991,12/31/1992,12/31/1993,12/31/1994,12/31/1995,12/31/1996,12/31/1997,12/31/1998,12/31/1999,12/31/2000,12/31/2001,12/31/2002,12/31/2003,12/31/2004,12/31/2005,12/31/2006,12/31/2007,12/31/2008,12/31/2009,12/31/2010,12/31/2011,12/31/2012,12/31/2013,,,,,,,,,,,,,,,,,,,,,,,,,,,,,,,,,,,,,,,,,,,,,,,,,,,,,,,,,,,,,,,,,,,,,,,,,,,,,,,,,,,,,,,,,,,,,,,,,,,,,,,,,,,,,,,,,,,,,,,,,,,,,,,,,,,,,,,,,,,,,,,,,,,,,,,,,,,,,,,,,,,,,,,,,,,,,,,,,,,,,,,,,,,,,,,,,,,,,,,,,,,,,,,,,,,,,,,,,,,,,,,,,,,,,,,,
18.784,20.162,21.213,22.163,22.89,16.71,19.321,20.952,25.197,23.346,23.3,26.3,28.15,28,25.45,25,23.85,23.25,22.925,23.95,24.925,24.9,25.125,26.016,,,,,,,,,,,,,,,,,,,,,,,,,,,,,,,,,,,,,,,,,,,,,,,,,,,,,,,,,,,,,,,,,,,,,,,,,,,,,,,,,,,,,,,,,,,,,,,,,,,,,,,,,,,,,,,,,,,,,,,,,,,,,,,,,,,,,,,,,,,,,,,,,,,,,,,,,,,,,,,,,,,,,,,,,,,,,,,,,,,,,,,,,,,,,,,,,,,,,,,,,,,,,,,,,,,,,,,,,,,,,,,,,,,,,,,,
6/30/1999,7/31/1999,8/31/1999,9/30/1999,10/31/1999,11/30/1999,12/31/1999,1/31/2000,2/29/2000,3/31/2000,4/30/2000,5/31/2000,6/30/2000,7/31/2000,8/31/2000,9/30/2000,10/31/2000,11/30/2000,12/31/2000,1/31/2001,2/28/2001,3/31/2001,4/30/2001,5/31/2001,6/30/2001,7/31/2001,8/31/2001,9/30/2001,10/31/2001,11/30/2001,12/31/2001,1/31/2002,2/28/2002,3/31/2002,4/30/2002,5/31/2002,6/30/2002,7/31/2002,8/31/2002,9/30/2002,10/31/2002,11/30/2002,12/31/2002,1/31/2003,2/28/2003,3/31/2003,4/30/2003,5/31/2003,6/30/2003,7/31/2003,8/31/2003,9/30/2003,10/31/2003,11/30/2003,12/31/2003,1/31/2004,2/29/2004,3/31/2004,4/30/2004,5/31/2004,6/30/2004,7/31/2004,8/31/2004,9/30/2004,10/31/2004,11/30/2004,12/31/2004,1/31/2005,2/28/2005,3/31/2005,4/30/2005,5/31/2005,6/30/2005,7/31/2005,8/31/2005,9/30/2005,10/31/2005,11/30/2005,12/31/2005,1/31/2006,2/28/2006,3/31/2006,4/30/2006,5/31/2006,6/30/2006,7/31/2006,8/31/2006,9/30/2006,10/31/2006,11/30/2006,12/31/2006,1/31/2007,2/28/2007,3/31/2007,4/30/2007,5/31/2007,6/30/2007,7/31/2007,8/31/2007,9/30/2007,10/31/2007,11/30/2007,12/31/2007,1/31/2008,2/29/2008,3/31/2008,4/30/2008,5/31/2008,6/30/2008,7/31/2008,8/31/2008,9/30/2008,10/31/2008,11/30/2008,12/31/2008,1/31/2009,2/28/2009,3/31/2009,4/30/2009,5/31/2009,6/30/2009,7/31/2009,8/31/2009,9/30/2009,10/31/2009,11/30/2009,12/31/2009,1/31/2010,2/28/2010,3/31/2010,4/30/2010,5/31/2010,6/30/2010,7/31/2010,8/31/2010,9/30/2010,10/31/2010,11/30/2010,12/31/2010,1/31/2011,2/28/2011,3/31/2011,4/30/2011,5/31/2011,6/30/2011,7/31/2011,8/31/2011,9/30/2011,10/31/2011,11/30/2011,12/31/2011,1/31/2012,2/29/2012,3/31/2012,4/30/2012,5/31/2012,6/30/2012,7/31/2012,8/31/2012,9/30/2012,10/31/2012,11/30/2012,12/31/2012,1/31/2013,2/28/2013,3/31/2013,4/30/2013,5/31/2013,6/30/2013,7/31/2013,8/31/2013,9/30/2013,10/31/2013,11/30/2013,12/31/2013,1/31/2014,2/28/2014,,,,,,,,,,,,,,,,,,,,,,,,,,,,,,,,,,,,,,,,,,,,,,,,,,,,,,,,,,,,,,,,,,,,,,,,,,,,,,,
7.2,7,6.5,5.7,5.5,5.2,5.2,5.1,4.8,4.5,4.4,4.2,4.1,4.2,4.3,4.4,4.1,4.2,4.4,4.5,4.7,4.5,4,3.8,3.8,3.8,3.8,3.7,3.7,3.7,3.7,3.7,3.5,3.4,3.3,3.3,3.1,3.2,3.4,3,3.1,3.1,3.1,3.4,3.3,3.3,3.4,3.5,3.6,3.7,3.7,3.6,3.8,3.9,3.7,3.6,3.6,3.6,3.6,3.7,3.5,3.8,3.8,3.7,3.7,3.8,3.8,3.8,3.7,3.7,3.7,3.7,3.8,3.8,3.7,4,3.9,3.6,3.5,3.4,3.5,3.5,3.4,3.3,3.5,3.5,3.5,3.5,3.5,3.4,3.3,3.3,3.2,3.2,3.3,3.3,3.2,3.3,3.2,3.2,3.2,3.2,3.1,3,3,3,3.1,3.2,3.2,3.2,3.3,3.2,3.2,3.3,3.3,3.3,3.4,3.6,3.7,3.9,3.9,3.8,3.8,3.6,3.5,3.6,3.6,4.7,4.2,3.7,3.7,3.3,3.5,3.8,3.5,3.7,3.6,3.2,3.6,3.5,3.9,3.9,3.6,3.3,3.3,3.3,3.1,3.3,3.2,3.2,3.1,3.2,3.6,3.4,3.4,3.2,3.2,3.1,3.1,3.2,3,3,3,3.1,3.4,3.1,3.1,3.2,3.1,3.2,3.1,3,3,3,3.1,3.2,3.9,,,,,,,,,,,,,,,,,,,,,,,,,,,,,,,,,,,,,,,,,,,,,,,,,,,,,,,,,,,,,,,,,,,,,,,,,,,,,,,
12/31/1990,12/31/1991,12/31/1992,12/31/1993,12/31/1994,12/31/1995,12/31/1996,12/31/1997,12/31/1998,12/31/1999,12/31/2000,12/31/2001,12/31/2002,12/31/2003,12/31/2004,12/31/2005,12/31/2006,12/31/2007,12/31/2008,12/31/2009,12/31/2010,12/31/2011,12/31/2012,12/31/2013,,,,,,,,,,,,,,,,,,,,,,,,,,,,,,,,,,,,,,,,,,,,,,,,,,,,,,,,,,,,,,,,,,,,,,,,,,,,,,,,,,,,,,,,,,,,,,,,,,,,,,,,,,,,,,,,,,,,,,,,,,,,,,,,,,,,,,,,,,,,,,,,,,,,,,,,,,,,,,,,,,,,,,,,,,,,,,,,,,,,,,,,,,,,,,,,,,,,,,,,,,,,,,,,,,,,,,,,,,,,,,,,,,,,,,,,
14.43,14.48,16.28,20.1,21.33,20.08,19.1,17.78,15.91,13.27,11.67,10.52,11.4,11.42,10.91,9.18,8.52,8.28,11.38,18.03,20.06,21.66,25.04,26.38,,,,,,,,,,,,,,,,,,,,,,,,,,,,,,,,,,,,,,,,,,,,,,,,,,,,,,,,,,,,,,,,,,,,,,,,,,,,,,,,,,,,,,,,,,,,,,,,,,,,,,,,,,,,,,,,,,,,,,,,,,,,,,,,,,,,,,,,,,,,,,,,,,,,,,,,,,,,,,,,,,,,,,,,,,,,,,,,,,,,,,,,,,,,,,,,,,,,,,,,,,,,,,,,,,,,,,,,,,,,,,,,,,,,,,,,
12/31/1990,12/31/1991,12/31/1992,12/31/1993,12/31/1994,12/31/1995,12/31/1996,12/31/1997,12/31/1998,12/31/1999,12/31/2000,12/31/2001,12/31/2002,12/31/2003,12/31/2004,12/31/2005,12/31/2006,12/31/2007,12/31/2008,12/31/2009,12/31/2010,12/31/2011,12/31/2012,12/31/2013,12/31/2014,12/31/2015,12/31/2016,12/31/2017,12/31/2018,,,,,,,,,,,,,,,,,,,,,,,,,,,,,,,,,,,,,,,,,,,,,,,,,,,,,,,,,,,,,,,,,,,,,,,,,,,,,,,,,,,,,,,,,,,,,,,,,,,,,,,,,,,,,,,,,,,,,,,,,,,,,,,,,,,,,,,,,,,,,,,,,,,,,,,,,,,,,,,,,,,,,,,,,,,,,,,,,,,,,,,,,,,,,,,,,,,,,,,,,,,,,,,,,,,,,,,,,,,,,,,,,,,
1.725,3.1,5.55,9.05,9.358,8.8,9.558,9.892,8.2,6.733,5.6,5.825,5.95,6.567,7.375,7.642,7.042,6.117,6.167,8.3,8.575,7.767,7.967,8.025,7.725,7.5,7.14,6.72,6.4,,,,,,,,,,,,,,,,,,,,,,,,,,,,,,,,,,,,,,,,,,,,,,,,,,,,,,,,,,,,,,,,,,,,,,,,,,,,,,,,,,,,,,,,,,,,,,,,,,,,,,,,,,,,,,,,,,,,,,,,,,,,,,,,,,,,,,,,,,,,,,,,,,,,,,,,,,,,,,,,,,,,,,,,,,,,,,,,,,,,,,,,,,,,,,,,,,,,,,,,,,,,,,,,,,,,,,,,,,,,,,,,,,,
12/31/1995,12/31/1996,12/31/1997,12/31/1998,12/31/1999,12/31/2000,12/31/2001,12/31/2002,12/31/2003,12/31/2004,12/31/2005,12/31/2006,12/31/2007,12/31/2008,12/31/2009,12/31/2010,12/31/2011,12/31/2012,12/31/2013,,,,,,,,,,,,,,,,,,,,,,,,,,,,,,,,,,,,,,,,,,,,,,,,,,,,,,,,,,,,,,,,,,,,,,,,,,,,,,,,,,,,,,,,,,,,,,,,,,,,,,,,,,,,,,,,,,,,,,,,,,,,,,,,,,,,,,,,,,,,,,,,,,,,,,,,,,,,,,,,,,,,,,,,,,,,,,,,,,,,,,,,,,,,,,,,,,,,,,,,,,,,,,,,,,,,,,,,,,,,,,,,,,,,,,,,,,,,,
4.23,4.66,5.21,3.85,2.71,1.82,1.69,2.55,3.7,3.88,3.77,3.33,2.76,2.58,3.71,3.51,2.83,2.9,3.17,,,,,,,,,,,,,,,,,,,,,,,,,,,,,,,,,,,,,,,,,,,,,,,,,,,,,,,,,,,,,,,,,,,,,,,,,,,,,,,,,,,,,,,,,,,,,,,,,,,,,,,,,,,,,,,,,,,,,,,,,,,,,,,,,,,,,,,,,,,,,,,,,,,,,,,,,,,,,,,,,,,,,,,,,,,,,,,,,,,,,,,,,,,,,,,,,,,,,,,,,,,,,,,,,,,,,,,,,,,,,,,,,,,,,,,,,,,,,
#N/A Invalid Security,,,,,,,,,,,,,,,,,,,,,,,,,,,,,,,,,,,,,,,,,,,,,,,,,,,,,,,,,,,,,,,,,,,,,,,,,,,,,,,,,,,,,,,,,,,,,,,,,,,,,,,,,,,,,,,,,,,,,,,,,,,,,,,,,,,,,,,,,,,,,,,,,,,,,,,,,,,,,,,,,,,,,,,,,,,,,,,,,,,,,,,,,,,,,,,,,,,,,,,,,,,,,,,,,,,,,,,,,,,,,,,,,,,,,,,,,,,,,,,,,,,,,,,,,,,,,,,
,,,,,,,,,,,,,,,,,,,,,,,,,,,,,,,,,,,,,,,,,,,,,,,,,,,,,,,,,,,,,,,,,,,,,,,,,,,,,,,,,,,,,,,,,,,,,,,,,,,,,,,,,,,,,,,,,,,,,,,,,,,,,,,,,,,,,,,,,,,,,,,,,,,,,,,,,,,,,,,,,,,,,,,,,,,,,,,,,,,,,,,,,,,,,,,,,,,,,,,,,,,,,,,,,,,,,,,,,,,,,,,,,,,,,,,,,,,,,,,,,,,,,,,,,,,,,,,
1/31/2001,2/28/2001,3/31/2001,4/30/2001,5/31/2001,6/30/2001,7/31/2001,8/31/2001,9/30/2001,10/31/2001,11/30/2001,12/31/2001,1/31/2002,2/28/2002,3/31/2002,4/30/2002,5/31/2002,6/30/2002,7/31/2002,8/31/2002,9/30/2002,10/31/2002,11/30/2002,12/31/2002,1/31/2003,2/28/2003,3/31/2003,4/30/2003,5/31/2003,6/30/2003,7/31/2003,8/31/2003,9/30/2003,10/31/2003,11/30/2003,12/31/2003,1/31/2004,2/29/2004,3/31/2004,4/30/2004,5/31/2004,6/30/2004,7/31/2004,8/31/2004,9/30/2004,10/31/2004,11/30/2004,12/31/2004,1/31/2005,2/28/2005,3/31/2005,4/30/2005,5/31/2005,6/30/2005,7/31/2005,8/31/2005,9/30/2005,10/31/2005,11/30/2005,12/31/2005,1/31/2006,2/28/2006,3/31/2006,4/30/2006,5/31/2006,6/30/2006,7/31/2006,8/31/2006,9/30/2006,10/31/2006,11/30/2006,12/31/2006,1/31/2007,2/28/2007,3/31/2007,4/30/2007,5/31/2007,6/30/2007,7/31/2007,8/31/2007,9/30/2007,10/31/2007,11/30/2007,12/31/2007,1/31/2008,2/29/2008,3/31/2008,4/30/2008,5/31/2008,6/30/2008,7/31/2008,8/31/2008,9/30/2008,10/31/2008,11/30/2008,12/31/2008,1/31/2009,2/28/2009,3/31/2009,4/30/2009,5/31/2009,6/30/2009,7/31/2009,8/31/2009,9/30/2009,10/31/2009,11/30/2009,12/31/2009,1/31/2010,2/28/2010,3/31/2010,4/30/2010,5/31/2010,6/30/2010,7/31/2010,8/31/2010,9/30/2010,10/31/2010,11/30/2010,12/31/2010,1/31/2011,2/28/2011,3/31/2011,4/30/2011,5/31/2011,6/30/2011,7/31/2011,8/31/2011,9/30/2011,10/31/2011,11/30/2011,12/31/2011,1/31/2012,2/29/2012,3/31/2012,4/30/2012,5/31/2012,6/30/2012,7/31/2012,8/31/2012,9/30/2012,10/31/2012,11/30/2012,12/31/2012,1/31/2013,2/28/2013,3/31/2013,4/30/2013,5/31/2013,6/30/2013,7/31/2013,8/31/2013,9/30/2013,10/31/2013,11/30/2013,12/31/2013,,,,,,,,,,,,,,,,,,,,,,,,,,,,,,,,,,,,,,,,,,,,,,,,,,,,,,,,,,,,,,,,,,,,,,,,,,,,,,,,,,,,,,,,,,,,,,,,,,,,
5.73,4.25,4.04,4.06,4.24,2.38,2.43,2.11,3.36,3.19,2.4,1.75,4.17,2.79,2.72,3.68,2.96,1.88,1.7,1.75,1.96,2.6,1.49,1.39,3.38,2.3,2.92,2.67,2.73,2.07,1.39,1.54,1.77,2.48,1.53,1.48,3.69,2.37,2.42,2.78,2.6,2.05,1.35,1.49,1.79,1.58,1.47,1.46,3.28,2.29,2.08,2.21,2.03,1.93,1.43,1.36,1.3,1.77,1.22,1.37,2.16,1.55,1.8,2.1,1.39,1.54,1.13,1.36,1.16,1.67,1.23,0.96,1.62,1.49,1.61,1.73,1.59,1.39,1.21,1.16,1.15,1.41,1.1,0.85,1.72,1.53,1.52,1.46,1.47,1.16,1.27,1.16,1.14,1.19,1.38,1.4,2.36,1.9,1.89,2.14,1.71,1.4,1.21,1.15,1.19,1.07,1.01,0.9,1.4,1,0.96,1.18,1.54,1.19,0.89,0.9,0.87,0.92,1.01,0.68,0.98,0.7,0.72,0.75,0.53,0.42,0.52,0.68,0.75,0.56,0.82,0.43,0.81,0.66,0.73,0.97,0.92,0.67,0.56,0.56,0.63,0.56,0.39,0.48,0.83,0.62,0.69,0.89,0.77,0.55,0.89,0.81,0.67,0.62,0.72,0.62,,,,,,,,,,,,,,,,,,,,,,,,,,,,,,,,,,,,,,,,,,,,,,,,,,,,,,,,,,,,,,,,,,,,,,,,,,,,,,,,,,,,,,,,,,,,,,,,,,,,
12/31/1990,12/31/1991,12/31/1992,12/31/1993,12/31/1994,12/31/1995,12/31/1996,12/31/1997,12/31/1998,12/31/1999,12/31/2000,12/31/2001,12/31/2002,12/31/2003,12/31/2004,12/31/2005,12/31/2006,12/31/2007,12/31/2008,12/31/2009,12/31/2010,12/31/2011,12/31/2012,12/31/2013,,,,,,,,,,,,,,,,,,,,,,,,,,,,,,,,,,,,,,,,,,,,,,,,,,,,,,,,,,,,,,,,,,,,,,,,,,,,,,,,,,,,,,,,,,,,,,,,,,,,,,,,,,,,,,,,,,,,,,,,,,,,,,,,,,,,,,,,,,,,,,,,,,,,,,,,,,,,,,,,,,,,,,,,,,,,,,,,,,,,,,,,,,,,,,,,,,,,,,,,,,,,,,,,,,,,,,,,,,,,,,,,,,,,,,,,
16.198,16.223,16.247,16.272,16.296,16.177,16.058,15.939,16.063,15.982,15.691,15.126,15.263,14.514,14.237,12.819,12.511,12.397,12.442,13.29,13,18.3,17.6,16.7,,,,,,,,,,,,,,,,,,,,,,,,,,,,,,,,,,,,,,,,,,,,,,,,,,,,,,,,,,,,,,,,,,,,,,,,,,,,,,,,,,,,,,,,,,,,,,,,,,,,,,,,,,,,,,,,,,,,,,,,,,,,,,,,,,,,,,,,,,,,,,,,,,,,,,,,,,,,,,,,,,,,,,,,,,,,,,,,,,,,,,,,,,,,,,,,,,,,,,,,,,,,,,,,,,,,,,,,,,,,,,,,,,,,,,,,
1/31/2005,2/28/2005,3/31/2005,4/30/2005,5/31/2005,6/30/2005,7/31/2005,8/31/2005,9/30/2005,10/31/2005,11/30/2005,12/31/2005,1/31/2006,2/28/2006,3/31/2006,4/30/2006,5/31/2006,6/30/2006,7/31/2006,8/31/2006,9/30/2006,10/31/2006,11/30/2006,12/31/2006,1/31/2007,2/28/2007,3/31/2007,4/30/2007,5/31/2007,6/30/2007,7/31/2007,8/31/2007,9/30/2007,10/31/2007,11/30/2007,12/31/2007,1/31/2008,2/29/2008,3/31/2008,4/30/2008,5/31/2008,6/30/2008,7/31/2008,8/31/2008,9/30/2008,10/31/2008,11/30/2008,12/31/2008,1/31/2009,2/28/2009,3/31/2009,4/30/2009,5/31/2009,6/30/2009,7/31/2009,8/31/2009,9/30/2009,10/31/2009,11/30/2009,12/31/2009,1/31/2010,2/28/2010,3/31/2010,4/30/2010,5/31/2010,6/30/2010,7/31/2010,8/31/2010,9/30/2010,10/31/2010,11/30/2010,12/31/2010,1/31/2011,2/28/2011,3/31/2011,4/30/2011,5/31/2011,6/30/2011,7/31/2011,8/31/2011,9/30/2011,10/31/2011,11/30/2011,12/31/2011,1/31/2012,2/29/2012,3/31/2012,4/30/2012,5/31/2012,6/30/2012,7/31/2012,8/31/2012,9/30/2012,10/31/2012,11/30/2012,12/31/2012,1/31/2013,2/28/2013,3/31/2013,4/30/2013,5/31/2013,6/30/2013,7/31/2013,8/31/2013,9/30/2013,10/31/2013,11/30/2013,12/31/2013,,,,,,,,,,,,,,,,,,,,,,,,,,,,,,,,,,,,,,,,,,,,,,,,,,,,,,,,,,,,,,,,,,,,,,,,,,,,,,,,,,,,,,,,,,,,,,,,,,,,,,,,,,,,,,,,,,,,,,,,,,,,,,,,,,,,,,,,,,,,,,,,,,,,
11.8,11.9,11.2,10.4,9.6,9.6,9.6,9.9,10.1,10.4,11,11.5,12.1,12.2,11.3,10.3,9.2,9.2,9.3,9.6,9.5,9.6,10,10.9,11.3,11.7,10.7,10.1,9.2,9.2,9.3,9.7,9.9,10.2,10.5,10.9,11.6,11.9,11,9.9,9.2,9.4,9.9,10.2,10.7,11.2,12.6,14,15.5,16.1,15.8,14.9,13.6,13,12.8,13.4,13.4,13,13.1,13.5,14.5,14.4,13.7,12,11,10.5,10.6,11.4,11.3,11.2,11,11.4,11.9,11.5,10.8,9.9,9.4,9.2,9.1,9.2,8.8,9.1,9.1,9.8,10.2,10.4,9.9,9,8.2,8,8.4,8.8,9.1,9.1,9.4,10.1,10.6,10.5,10.1,9.3,8.8,8.8,9.3,9.8,9.9,9.7,9.9,10,,,,,,,,,,,,,,,,,,,,,,,,,,,,,,,,,,,,,,,,,,,,,,,,,,,,,,,,,,,,,,,,,,,,,,,,,,,,,,,,,,,,,,,,,,,,,,,,,,,,,,,,,,,,,,,,,,,,,,,,,,,,,,,,,,,,,,,,,,,,,,,,,,,,
12/31/2005,12/31/2006,12/31/2007,12/31/2008,12/31/2009,12/31/2010,,,,,,,,,,,,,,,,,,,,,,,,,,,,,,,,,,,,,,,,,,,,,,,,,,,,,,,,,,,,,,,,,,,,,,,,,,,,,,,,,,,,,,,,,,,,,,,,,,,,,,,,,,,,,,,,,,,,,,,,,,,,,,,,,,,,,,,,,,,,,,,,,,,,,,,,,,,,,,,,,,,,,,,,,,,,,,,,,,,,,,,,,,,,,,,,,,,,,,,,,,,,,,,,,,,,,,,,,,,,,,,,,,,,,,,,,,,,,,,,,,,,,,,,,,
3.12,3.17,3.45,4,4.2,4.2,,,,,,,,,,,,,,,,,,,,,,,,,,,,,,,,,,,,,,,,,,,,,,,,,,,,,,,,,,,,,,,,,,,,,,,,,,,,,,,,,,,,,,,,,,,,,,,,,,,,,,,,,,,,,,,,,,,,,,,,,,,,,,,,,,,,,,,,,,,,,,,,,,,,,,,,,,,,,,,,,,,,,,,,,,,,,,,,,,,,,,,,,,,,,,,,,,,,,,,,,,,,,,,,,,,,,,,,,,,,,,,,,,,,,,,,,,,,,,,,,,,,,,,,,,
12/31/1990,12/31/1991,12/31/1992,12/31/1993,12/31/1994,12/31/1995,12/31/1996,12/31/1997,12/31/1998,12/31/1999,12/31/2000,12/31/2001,12/31/2002,12/31/2003,12/31/2004,12/31/2005,12/31/2006,12/31/2007,12/31/2008,12/31/2009,12/31/2010,12/31/2011,12/31/2012,12/31/2013,12/31/2014,12/31/2015,12/31/2016,12/31/2017,12/31/2018,,,,,,,,,,,,,,,,,,,,,,,,,,,,,,,,,,,,,,,,,,,,,,,,,,,,,,,,,,,,,,,,,,,,,,,,,,,,,,,,,,,,,,,,,,,,,,,,,,,,,,,,,,,,,,,,,,,,,,,,,,,,,,,,,,,,,,,,,,,,,,,,,,,,,,,,,,,,,,,,,,,,,,,,,,,,,,,,,,,,,,,,,,,,,,,,,,,,,,,,,,,,,,,,,,,,,,,,,,,,,,,,,,,
7.04,8.57,9.835,10.391,9.655,8.703,8.155,7.134,6.307,6.02,5.532,5.106,5.199,5.048,4.788,4.799,5.406,5.4,5.558,7.451,7.853,8.015,8.02,7.743,7.528,7.306,7.009,6.73,6.47,,,,,,,,,,,,,,,,,,,,,,,,,,,,,,,,,,,,,,,,,,,,,,,,,,,,,,,,,,,,,,,,,,,,,,,,,,,,,,,,,,,,,,,,,,,,,,,,,,,,,,,,,,,,,,,,,,,,,,,,,,,,,,,,,,,,,,,,,,,,,,,,,,,,,,,,,,,,,,,,,,,,,,,,,,,,,,,,,,,,,,,,,,,,,,,,,,,,,,,,,,,,,,,,,,,,,,,,,,,,,,,,,,,
1/31/1990,2/28/1990,3/31/1990,4/30/1990,5/31/1990,6/30/1990,7/31/1990,8/31/1990,9/30/1990,10/31/1990,11/30/1990,12/31/1990,1/31/1991,2/28/1991,3/31/1991,4/30/1991,5/31/1991,6/30/1991,7/31/1991,8/31/1991,9/30/1991,10/31/1991,11/30/1991,12/31/1991,1/31/1992,2/29/1992,3/31/1992,4/30/1992,5/31/1992,6/30/1992,7/31/1992,8/31/1992,9/30/1992,10/31/1992,11/30/1992,12/31/1992,1/31/1993,2/28/1993,3/31/1993,4/30/1993,5/31/1993,6/30/1993,7/31/1993,8/31/1993,9/30/1993,10/31/1993,11/30/1993,12/31/1993,1/31/1994,2/28/1994,3/31/1994,4/30/1994,5/31/1994,6/30/1994,7/31/1994,8/31/1994,9/30/1994,10/31/1994,11/30/1994,12/31/1994,1/31/1995,2/28/1995,3/31/1995,4/30/1995,5/31/1995,6/30/1995,7/31/1995,8/31/1995,9/30/1995,10/31/1995,11/30/1995,12/31/1995,1/31/1996,2/29/1996,3/31/1996,4/30/1996,5/31/1996,6/30/1996,7/31/1996,8/31/1996,9/30/1996,10/31/1996,11/30/1996,12/31/1996,1/31/1997,2/28/1997,3/31/1997,4/30/1997,5/31/1997,6/30/1997,7/31/1997,8/31/1997,9/30/1997,10/31/1997,11/30/1997,12/31/1997,1/31/1998,2/28/1998,3/31/1998,4/30/1998,5/31/1998,6/30/1998,7/31/1998,8/31/1998,9/30/1998,10/31/1998,11/30/1998,12/31/1998,1/31/1999,2/28/1999,3/31/1999,4/30/1999,5/31/1999,6/30/1999,7/31/1999,8/31/1999,9/30/1999,10/31/1999,11/30/1999,12/31/1999,1/31/2000,2/29/2000,3/31/2000,4/30/2000,5/31/2000,6/30/2000,7/31/2000,8/31/2000,9/30/2000,10/31/2000,11/30/2000,12/31/2000,1/31/2001,2/28/2001,3/31/2001,4/30/2001,5/31/2001,6/30/2001,7/31/2001,8/31/2001,9/30/2001,10/31/2001,11/30/2001,12/31/2001,1/31/2002,2/28/2002,3/31/2002,4/30/2002,5/31/2002,6/30/2002,7/31/2002,8/31/2002,9/30/2002,10/31/2002,11/30/2002,12/31/2002,1/31/2003,2/28/2003,3/31/2003,4/30/2003,5/31/2003,6/30/2003,7/31/2003,8/31/2003,9/30/2003,10/31/2003,11/30/2003,12/31/2003,1/31/2004,2/29/2004,3/31/2004,4/30/2004,5/31/2004,6/30/2004,7/31/2004,8/31/2004,9/30/2004,10/31/2004,11/30/2004,12/31/2004,1/31/2005,2/28/2005,3/31/2005,4/30/2005,5/31/2005,6/30/2005,7/31/2005,8/31/2005,9/30/2005,10/31/2005,11/30/2005,12/31/2005,1/31/2006,2/28/2006,3/31/2006,4/30/2006,5/31/2006,6/30/2006,7/31/2006,8/31/2006,9/30/2006,10/31/2006,11/30/2006,12/31/2006,1/31/2007,2/28/2007,3/31/2007,4/30/2007,5/31/2007,6/30/2007,7/31/2007,8/31/2007,9/30/2007,10/31/2007,11/30/2007,12/31/2007,1/31/2008,2/29/2008,3/31/2008,4/30/2008,5/31/2008,6/30/2008,7/31/2008,8/31/2008,9/30/2008,10/31/2008,11/30/2008,12/31/2008,1/31/2009,2/28/2009,3/31/2009,4/30/2009,5/31/2009,6/30/2009,7/31/2009,8/31/2009,9/30/2009,10/31/2009,11/30/2009,12/31/2009,1/31/2010,2/28/2010,3/31/2010,4/30/2010,5/31/2010,6/30/2010,7/31/2010,8/31/2010,9/30/2010,10/31/2010,11/30/2010,12/31/2010,1/31/2011,2/28/2011,3/31/2011,4/30/2011
5.4,5.3,5.2,5.4,5.4,5.2,5.5,5.7,5.9,5.9,6.2,6.3,6.4,6.6,6.8,6.7,6.9,6.9,6.8,6.9,6.9,7,7,7.3,7.3,7.4,7.4,7.4,7.6,7.8,7.7,7.6,7.6,7.3,7.4,7.4,7.3,7.1,7,7.1,7.1,7,6.9,6.8,6.7,6.8,6.6,6.5,6.6,6.6,6.5,6.4,6.1,6.1,6.1,6,5.9,5.8,5.6,5.5,5.6,5.4,5.4,5.8,5.6,5.6,5.7,5.7,5.6,5.5,5.6,5.6,5.6,5.5,5.5,5.6,5.6,5.3,5.5,5.1,5.2,5.2,5.4,5.4,5.3,5.2,5.2,5.1,4.9,5,4.9,4.8,4.9,4.7,4.6,4.7,4.6,4.6,4.7,4.3,4.4,4.5,4.5,4.5,4.6,4.5,4.4,4.4,4.3,4.4,4.2,4.3,4.2,4.3,4.3,4.2,4.2,4.1,4.1,4,4,4.1,4,3.8,4,4,4,4.1,3.9,3.9,3.9,3.9,4.2,4.2,4.3,4.4,4.3,4.5,4.6,4.9,5,5.3,5.5,5.7,5.7,5.7,5.7,5.9,5.8,5.8,5.8,5.7,5.7,5.7,5.9,6,5.8,5.9,5.9,6,6.1,6.3,6.2,6.1,6.1,6,5.8,5.7,5.7,5.6,5.8,5.6,5.6,5.6,5.5,5.4,5.4,5.5,5.4,5.4,5.3,5.4,5.2,5.2,5.1,5,5,4.9,5,5,5,4.9,4.7,4.8,4.7,4.7,4.6,4.6,4.7,4.7,4.5,4.4,4.5,4.4,4.6,4.5,4.4,4.5,4.4,4.6,4.7,4.6,4.7,4.7,4.7,5,5,4.9,5.1,5,5.4,5.6,5.8,6.1,6.1,6.5,6.8,7.3,7.8,8.3,8.7,9,9.4,9.5,9.5,9.6,9.8,10,9.9,9.9,9.7,9.8,9.9,9.9,9.6,9.4,9.5,9.5,9.5,9.5,9.8,9.4,9.1,9,9,9.1
1/31/1999,2/28/1999,3/31/1999,4/30/1999,5/31/1999,6/30/1999,7/31/1999,8/31/1999,9/30/1999,10/31/1999,11/30/1999,12/31/1999,1/31/2000,2/29/2000,3/31/2000,4/30/2000,5/31/2000,6/30/2000,7/31/2000,8/31/2000,9/30/2000,10/31/2000,11/30/2000,12/31/2000,1/31/2001,2/28/2001,3/31/2001,4/30/2001,5/31/2001,6/30/2001,7/31/2001,8/31/2001,9/30/2001,10/31/2001,11/30/2001,12/31/2001,1/31/2002,2/28/2002,3/31/2002,4/30/2002,5/31/2002,6/30/2002,7/31/2002,8/31/2002,9/30/2002,10/31/2002,11/30/2002,2/28/2003,3/31/2003,4/30/2003,5/31/2003,6/30/2003,7/31/2003,8/31/2003,9/30/2003,10/31/2003,11/30/2003,12/31/2003,1/31/2004,2/29/2004,3/31/2004,4/30/2004,5/31/2004,6/30/2004,7/31/2004,8/31/2004,9/30/2004,10/31/2004,11/30/2004,12/31/2004,1/31/2005,2/28/2005,3/31/2005,4/30/2005,5/31/2005,6/30/2005,7/31/2005,8/31/2005,9/30/2005,10/31/2005,11/30/2005,12/31/2005,1/31/2006,2/28/2006,3/31/2006,4/30/2006,5/31/2006,6/30/2006,7/31/2006,8/31/2006,9/30/2006,10/31/2006,11/30/2006,12/31/2006,1/31/2007,2/28/2007,3/31/2007,4/30/2007,5/31/2007,6/30/2007,7/31/2007,8/31/2007,9/30/2007,10/31/2007,11/30/2007,12/31/2007,1/31/2008,2/29/2008,3/31/2008,4/30/2008,5/31/2008,6/30/2008,7/31/2008,8/31/2008,9/30/2008,10/31/2008,11/30/2008,12/31/2008,1/31/2009,2/28/2009,3/31/2009,4/30/2009,5/31/2009,6/30/2009,7/31/2009,8/31/2009,9/30/2009,10/31/2009,11/30/2009,12/31/2009,1/31/2010,2/28/2010,3/31/2010,4/30/2010,5/31/2010,6/30/2010,7/31/2010,8/31/2010,9/30/2010,10/31/2010,11/30/2010,12/31/2010,1/31/2011,2/28/2011,3/31/2011,4/30/2011,5/31/2011,6/30/2011,7/31/2011,8/31/2011,9/30/2011,10/31/2011,11/30/2011,12/31/2011,1/31/2012,2/29/2012,3/31/2012,4/30/2012,5/31/2012,6/30/2012,7/31/2012,8/31/2012,9/30/2012,10/31/2012,11/30/2012,12/31/2012,1/31/2013,2/28/2013,3/31/2013,4/30/2013,5/31/2013,6/30/2013,7/31/2013,8/31/2013,9/30/2013,10/31/2013,11/30/2013,12/31/2013,1/31/2014,,,,,,,,,,,,,,,,,,,,,,,,,,,,,,,,,,,,,,,,,,,,,,,,,,,,,,,,,,,,,,,,,,,,,,,,,,,,,
16.6,15.2,14.6,14.6,14.6,15,14.7,15,16.1,15.3,12,10.6,15.8,16,15,14.7,13.8,14.8,14.7,14.3,13,14,12,10,15.8,14.2,13.7,14.5,13.1,13.3,12.8,13.9,13.5,13,11.5,11,16.4,15,15.1,15.9,15.3,16.2,16.4,16.2,17,16.6,15.7,20.7,19.8,19.1,19.2,18.4,18.3,17.8,18,16.7,15.4,14.6,19.1,17.1,15.6,16.3,15.8,15.5,15.3,14.2,14.5,13.7,12.8,10.9,15.5,14,13.5,12.1,12.6,11.8,12.6,12.1,11.5,11.4,10.9,8.9,12.9,10.7,10.1,10.2,10.2,9.7,9.6,10.5,9.5,8.9,8.8,8.4,11.1,10.9,9.5,8.8,8,8.3,8.8,8.6,8.3,7.2,6.3,6.2,10.2,7.6,7.6,7.9,7,7.6,7.2,7.1,7.2,6.7,6.1,6.1,9.5,7.4,7.3,7.7,7.7,7.8,8.5,8,8.4,8.1,7.5,6.6,10.2,8.6,8.7,8.2,8.1,8.4,8.7,9.6,8.4,9,7.7,6.5,10.4,8.8,8.6,8.1,8.4,8.6,8,8.3,8.3,8.2,6.2,6.5,10.3,9.2,7.9,8.6,7.9,7.4,7.9,7.9,7.3,7.3,6.4,5.9,9.4,7.6,7.7,7.9,7.8,6.9,7.6,8,7.8,7.6,6.6,5.6,9.5,,,,,,,,,,,,,,,,,,,,,,,,,,,,,,,,,,,,,,,,,,,,,,,,,,,,,,,,,,,,,,,,,,,,,,,,,,,,,
